,Name,Age,Salary,PAN,Email
0,,130.0,,PATED2424K,ppgcpo@gmail.com
1,Rohit,82.0,-10000.0,RYGQW2263R,test@gmail
2,Rohit,-5.0,-10000.0,FCSOK2712J,mdkgry@gmail.com
3,Priya,130.0,,78zYyYWvBE,abc@
4,Rahul,130.0,,LXQZW4807U,dwthym@gmail.com
5,Priya,97.0,97737.0,AfrfsNMasp,rfrbpa@gmail.com
6,Priya,-5.0,-10000.0,LGDQZ8171L,abc@
7,,130.0,32487.0,RXxso6VCpD,abc@
8,,-5.0,,ZPLCE3067Y,
9,Rahul,-5.0,-10000.0,WMdjXxd7pY,test@gmail
10,Rahul,-5.0,-10000.0,DPS7Ouf2H8,kbdnqj@gmail.com
11,Rahul,130.0,,WFZHF9030I,rogpam@gmail.com
12,Rahul,,,fTRvrGEGaI,xqxopk@gmail.com
13,,130.0,35889.0,SlsFV7r31M,jujsvj@gmail.com
14,Karan,5.0,69829.0,CCLIO3340B,abc@
15,,90.0,-10000.0,WDAEV0720M,vuunja@gmail.com
16,Rohit,78.0,,BAJIG1601Q,
17,Simran,57.0,,iIqGgMlcuO,
18,Aman,130.0,-10000.0,DNwffy4lom,fneyad@gmail.com
19,Anjali,20.0,,EsTzK7OxKI,user@
20,Rohit,130.0,-10000.0,MPQIW3835K,
21,Priya,91.0,-10000.0,4Z3APTOq5C,mcmsfr@gmail.com
22,Aman,78.0,49625.0,MgCirI4WK8,abc@
23,Priya,130.0,-10000.0,MOPUS1732Y,fjlewn@gmail.com
24,,130.0,,NFFEQ1043B,test@gmail
25,Rohit,130.0,-10000.0,YHEVS8779W,qvtouc@gmail.com
26,Rohit,2.0,52455.0,QYLAN7502J,
27,Karan,-5.0,-10000.0,NSXHF2491R,dhjjal@gmail.com
28,Priya,-5.0,71310.0,PmkbElF1Hc,krdyyf@gmail.com
29,Karan,82.0,,DOjxdi5PPf,
30,Karan,,-10000.0,pJuXrZ2BZQ,abc@
31,Aman,,51302.0,m9h97yuKne,user@
32,Neha,-5.0,,BQYLW9265O,test@gmail
33,Neha,-5.0,,xdS2joJKbQ,test@gmail
34,Neha,,-10000.0,K9ia1Iv4d0,user@
35,,38.0,-10000.0,MTKYO1945N,vamdps@gmail.com
36,Rahul,,67941.0,OBRLT0600K,abc@
37,,130.0,-10000.0,hHmw9sYQ22,nxfvju@gmail.com
38,Karan,-5.0,,GodD11afdc,test@gmail
39,Aman,-5.0,-10000.0,UZoGtkIqi3,egrytp@gmail.com
40,Karan,,-10000.0,2aeEq53pja,rgrccy@gmail.com
41,Rohit,13.0,70729.0,eEmrK7zciw,joocsq@gmail.com
42,Aman,-5.0,,SULCY0208M,
43,Simran,38.0,-10000.0,WOIQR4377A,user@
44,Rohit,-5.0,-10000.0,mrpudkl2eA,test@gmail
45,Aman,-5.0,,HWIZD0477J,hjxvbv@gmail.com
46,,23.0,-10000.0,QUOKL2820J,user@
47,Karan,19.0,,FAPZJ3952P,abc@
48,Rahul,-5.0,20502.0,CYCFNQJLwU,abc@
49,Neha,130.0,,IZXFW9577F,hsktxp@gmail.com
50,Neha,,83741.0,6KMTuchsk2,lfbgqi@gmail.com
51,Anjali,130.0,-10000.0,SCDVK1263H,user@
52,Simran,,-10000.0,MRGNO0664N,onfhhk@gmail.com
53,Aman,130.0,,YGIPA2953Q,wdlvqg@gmail.com
54,,,99173.0,VWJKK3437P,owctcy@gmail.com
55,,130.0,-10000.0,DUOBH9874V,taqbgj@gmail.com
56,Rahul,-5.0,-10000.0,CtRFwVdqHu,user@
57,Aman,,,AvXE0bVX4d,
58,,130.0,97393.0,0Lcagn24G8,user@
59,Neha,-5.0,,S29wiFf4dp,abc@
60,Aman,-5.0,97554.0,PWIZG1488P,abc@
61,Aman,130.0,-10000.0,TWRIC2554W,
62,Neha,-5.0,,SYZUN2032L,abc@
63,Rohit,-5.0,20038.0,JMlpKZDHvH,rlcepo@gmail.com
64,Rohit,-5.0,-10000.0,i8PLuJWgR7,abc@
65,Rohit,-5.0,,MMy7z57H6t,
66,Rahul,52.0,53348.0,2Oc8T6XBM3,rvbzeh@gmail.com
67,Aman,54.0,,RPJWZ4989D,
68,Neha,-5.0,-10000.0,pv89xhRoAx,
69,,130.0,-10000.0,w8yWq4R675,abc@
70,Aman,-5.0,-10000.0,NOlSJmcwKP,jbmump@gmail.com
71,Simran,,,lSxwVNx6Gg,
72,Rahul,130.0,-10000.0,YFJMX1726I,
73,Priya,38.0,,c2EtrDUpjH,fxaozs@gmail.com
74,Rahul,6.0,,i6SWnShA18,
75,Neha,24.0,35597.0,NUGUA3389X,ugvqch@gmail.com
76,Rohit,130.0,-10000.0,VO1DmmcrDv,oxabcv@gmail.com
77,Priya,-5.0,40562.0,zAtGcM6lzW,oeityy@gmail.com
78,Anjali,96.0,,HMMYQ4327L,fongjg@gmail.com
79,Simran,130.0,74379.0,GSLYC0uv1n,oeegnx@gmail.com
80,Anjali,130.0,,6mrrpx7vw3,
81,Anjali,-5.0,63704.0,JZZMX0886Y,user@
82,Rohit,57.0,59693.0,voThwZKY6f,abc@
83,Aman,130.0,,he3gwBZQc2,abc@
84,Karan,,,SfTFNrTEDD,gmwlwp@gmail.com
85,Anjali,,,tU9jKHjUpX,fxdvvk@gmail.com
86,Karan,65.0,,GGQYT3672E,user@
87,Rahul,-5.0,,CJEWJ3285C,cdjegq@gmail.com
88,Simran,-5.0,,4JJnRT0wpr,test@gmail
89,Anjali,,37900.0,WLDJE9666R,kxhpxc@gmail.com
90,Priya,-5.0,86266.0,iyeF2i41ye,yjmstg@gmail.com
91,Simran,130.0,-10000.0,MBWVX3691I,xgsqfg@gmail.com
92,Neha,,51548.0,GPQLI5438M,dmvcjp@gmail.com
93,Rohit,94.0,,YPRFD3943L,tvfyoa@gmail.com
94,Anjali,130.0,90393.0,A0kyNxiSud,abc@
95,Anjali,,60048.0,4z5qJKb9MJ,cldxnj@gmail.com
96,Karan,130.0,-10000.0,TlsjLJhBBt,
97,Anjali,51.0,-10000.0,tGA9cvSYEg,zfuxsb@gmail.com
98,,49.0,,IRZQL7929Y,oemeqm@gmail.com
99,Simran,-5.0,32387.0,DKURY3340C,eigzwg@gmail.com
100,Aman,130.0,-10000.0,KPMIP3703P,user@
101,Karan,-5.0,-10000.0,PBMYW4727H,user@
102,Priya,130.0,-10000.0,NUVKL4597Q,zgkrrz@gmail.com
103,,130.0,-10000.0,DLEBQ8532Y,igqklk@gmail.com
104,,-5.0,37281.0,LKQSH0496B,user@
105,,-5.0,,IAWIR7290S,user@
106,,-5.0,-10000.0,lA0BWPDBvM,lbbyal@gmail.com
107,Rahul,-5.0,-10000.0,MFNNH0998A,snodgx@gmail.com
108,,,,IIhCPaZsTZ,
109,Neha,,-10000.0,rA97R9zQID,abc@
110,Priya,130.0,,UBGOC7856C,test@gmail
111,Simran,,,AFLFQ5419A,qwcbmo@gmail.com
112,Simran,,44413.0,SCBZQ2502T,fgedac@gmail.com
113,Rohit,84.0,-10000.0,KUYPZ0122D,vxaccz@gmail.com
114,Karan,-5.0,33371.0,fh2jeM9nYS,lzcibl@gmail.com
115,Priya,-5.0,20731.0,q8ChcVxoYZ,hqmilt@gmail.com
116,Anjali,,,QPGAR2310J,test@gmail
117,,,,MIVXM0860S,
118,Neha,2.0,65858.0,6spJlNFUeq,ymjavg@gmail.com
119,Aman,130.0,,xxRGy44fa4,pislyc@gmail.com
120,Karan,71.0,52440.0,IPDKG7005F,zmifuo@gmail.com
121,Simran,-5.0,-10000.0,KLYPD0450M,abc@
122,Rahul,32.0,,vyfqg256cm,
123,,130.0,-10000.0,CnYZkVuf7e,
124,Neha,40.0,-10000.0,bh69eWIEgP,
125,Karan,,95206.0,z4rMFnOdZU,test@gmail
126,Rahul,-5.0,,hlVC9BiV8B,cxsexa@gmail.com
127,Karan,-5.0,41696.0,axjXVRVJc6,user@
128,Priya,-5.0,,1F6RpuueZ8,jdbeyi@gmail.com
129,Rohit,61.0,-10000.0,JJWOK7910U,mqiptt@gmail.com
130,Priya,-5.0,,RBABO5450S,yhklvi@gmail.com
131,Neha,-5.0,-10000.0,BYNHY8507W,maczyb@gmail.com
132,Rohit,20.0,-10000.0,OJURH2809A,aapcxh@gmail.com
133,Neha,130.0,90905.0,ADNBC5252I,abc@
134,Priya,-5.0,-10000.0,HTANN8765U,
135,Neha,-5.0,,GZIGZ2494O,abc@
136,Karan,-5.0,79776.0,HZSUU8305V,abc@
137,,,-10000.0,ZRXKE8129K,dzlnji@gmail.com
138,,,-10000.0,qA6bi31lDJ,user@
139,Priya,130.0,,69ixlAupoH,yxiqdy@gmail.com
140,Karan,-5.0,99566.0,FGjBTczoMZ,eizxfr@gmail.com
141,Rohit,130.0,,FLVEZ6489D,kardpk@gmail.com
142,Aman,30.0,,I5taC07Rar,user@
143,Karan,130.0,-10000.0,XLQWC3820H,cljvji@gmail.com
144,Rahul,,,HoFbZ3t3oe,
145,Priya,130.0,-10000.0,THHUT1587M,yoqite@gmail.com
146,Neha,,,2ndlmXjHib,csgnfi@gmail.com
147,Anjali,130.0,,MYo7CM3YvY,user@
148,,,58616.0,GXFRU6544P,user@
149,Rohit,,,SFVDQ2891D,
150,Anjali,130.0,81575.0,tR5QdNh52b,user@
151,Karan,,-10000.0,sh9pTT6vVH,qhqhzk@gmail.com
152,Aman,,,Xn4hISyXe3,dlyqat@gmail.com
153,Aman,,-10000.0,EKBQB5962F,test@gmail
154,Rohit,,,QBMPQ4778R,abc@
155,Anjali,7.0,,O1tjdeEIEP,nchzlx@gmail.com
156,Priya,13.0,,PVHLF5570W,abc@
157,Aman,-5.0,28993.0,UMQMN0725X,
158,Priya,-5.0,,BRIGP1233W,user@
159,Karan,130.0,79271.0,lFTLQ1daLX,gflzsa@gmail.com
160,Priya,130.0,-10000.0,UVCVM2011Z,abc@
161,Anjali,78.0,50719.0,XNUFB4641O,olvtsj@gmail.com
162,Rahul,,,EC8lHi6EJL,
163,Rohit,130.0,,ecqU1njzcC,user@
164,,130.0,83297.0,X0Vn4lMIr0,njyrwx@gmail.com
165,Rahul,31.0,-10000.0,ZLDKS0449K,user@
166,Karan,,,NXTMH8987H,
167,Anjali,,,Fr5qlPCgLH,efwcuw@gmail.com
168,Simran,,81125.0,MBQRL4794O,user@
169,Aman,130.0,33763.0,KZVwDeQD4n,user@
170,Rohit,-5.0,-10000.0,CgUtbsF8Yh,gyxuwb@gmail.com
171,Simran,-5.0,,JDAWH1409R,abc@
172,Karan,11.0,-10000.0,u9TaKo8fd7,
173,Aman,-5.0,-10000.0,TFJSV9625N,rakeod@gmail.com
174,,,83379.0,pPupYrqIGX,mxaaws@gmail.com
175,Neha,-5.0,22437.0,rC9fm7GahS,
176,Neha,,-10000.0,fcGZ2DglM2,user@
177,Simran,,-10000.0,GUmE06ZKxE,sxryjw@gmail.com
178,Neha,53.0,28052.0,JBDNO2545E,abc@
179,Anjali,-5.0,,JDtNZGGEux,abc@
180,Karan,130.0,53808.0,Zj30KMksuS,soerzs@gmail.com
181,Anjali,-5.0,,XJHSF0183N,abc@
182,Rohit,90.0,,AFMHL7891P,
183,Neha,130.0,37622.0,FQZMU9464N,ezolkv@gmail.com
184,Anjali,24.0,,e50JJsQaRU,btjbfp@gmail.com
185,Aman,130.0,-10000.0,Rqx6szwX7k,
186,Neha,72.0,,V1hHbWOF3w,qtfotl@gmail.com
187,Karan,130.0,97156.0,061chYwbTm,abc@
188,Rahul,68.0,,BQWPE2384W,
189,Simran,,98152.0,AXNYA1967Z,jlpzdd@gmail.com
190,Simran,31.0,-10000.0,FBZAX0012G,user@
191,Anjali,130.0,80802.0,wUkSabXPsu,jpnvio@gmail.com
192,Anjali,,-10000.0,IZYRS7493K,abc@
193,Aman,-5.0,-10000.0,nAGj6vwEIW,
194,Neha,,-10000.0,NVDZL3041G,ksbzxl@gmail.com
195,Rahul,,-10000.0,ke83UMv0wu,zkqubv@gmail.com
196,,,36333.0,UPEYT1681T,smxvww@gmail.com
197,Priya,130.0,-10000.0,IPenPfSHLw,test@gmail
198,Anjali,,,26OioNsfyd,test@gmail
199,Anjali,130.0,-10000.0,WSTFLg60Iu,
200,Rahul,130.0,,SYGQM5900N,wriwlg@gmail.com
201,Aman,34.0,56935.0,4iAoxOc2Dv,tymihz@gmail.com
202,Karan,48.0,-10000.0,QPLLR6971R,gtbxwy@gmail.com
203,Karan,85.0,68746.0,3jzTSZfVRa,test@gmail
204,Karan,-5.0,-10000.0,uSEMxA3HI3,abc@
205,Aman,3.0,-10000.0,FPYMR5382O,dvlafj@gmail.com
206,Priya,,94296.0,0GbD0oa52J,zsbmfd@gmail.com
207,Aman,130.0,-10000.0,2HS2lxpPv5,
208,Anjali,130.0,,LrWsIMkOjf,
209,Rohit,15.0,20122.0,dkO8m7CCfr,nmwueu@gmail.com
210,Rahul,,63779.0,7kntKwkcQh,user@
211,Aman,13.0,-10000.0,CRTOS9522B,jxabit@gmail.com
212,Rohit,130.0,-10000.0,NUMJY9147H,user@
213,Neha,64.0,,DMZTM9261R,
214,Neha,-5.0,,CCTRS5341K,vagpde@gmail.com
215,Aman,130.0,95173.0,RMBEG9877X,test@gmail
216,Priya,130.0,75368.0,vUb6al0RF4,uwnsnc@gmail.com
217,Anjali,,,Ry43MF29K0,abc@
218,,,,SKNLY5880X,test@gmail
219,Aman,53.0,-10000.0,0E8k2HxiAn,
220,Priya,49.0,-10000.0,CRDKK8459D,user@
221,Rohit,-5.0,,bszTMO1reQ,kmeakb@gmail.com
222,Rohit,,-10000.0,r8bheGNm5f,tfazlm@gmail.com
223,Priya,130.0,,FWZPF7390C,gokonh@gmail.com
224,Karan,53.0,-10000.0,SALET1457S,test@gmail
225,Simran,130.0,-10000.0,N6GlRxoRXi,bggfbx@gmail.com
226,Aman,,28670.0,6D0hOw8jGv,test@gmail
227,Simran,,-10000.0,BAfmuf2jxP,user@
228,Aman,130.0,-10000.0,XQSCU4881A,abc@
229,Anjali,24.0,,G3HcCMFvMf,test@gmail
230,Karan,130.0,-10000.0,lI5oPf8mHL,
231,Rahul,,,dq7OsXLEbJ,user@
232,Aman,,25231.0,U08Kpr6iqh,test@gmail
233,Anjali,130.0,93517.0,RMXKM2108Z,user@
234,Simran,86.0,40132.0,NTQNS7872G,kxucbu@gmail.com
235,Anjali,130.0,,WsLqxfcREf,dlnciz@gmail.com
236,Priya,87.0,,3OgBQ6Lz39,iwbtoa@gmail.com
237,,130.0,40413.0,niQrfbiG8q,user@
238,Karan,130.0,,YETLG0900Q,user@
239,Priya,,-10000.0,GNuYflHHox,test@gmail
240,Aman,-5.0,-10000.0,WWc6l6LXaG,user@
241,Simran,39.0,67434.0,YDdanvDfo8,rgpwnu@gmail.com
242,,51.0,88574.0,XTya3jDtPO,abc@
243,Rahul,,,BNMWN7496N,abc@
244,Anjali,68.0,,BEJMQg1O43,
245,Rohit,,,JHSVY0205K,
246,Anjali,130.0,,gY32DQ4qyU,ifebee@gmail.com
247,Rohit,130.0,,NEBHQ5432Q,
248,Rahul,130.0,,uNsjhMagp5,
249,Priya,,-10000.0,F8B1MTUeYv,
250,Anjali,,,etWSoYtOyR,azhnti@gmail.com
251,Rohit,,26578.0,RO6kLooLLV,fraoyg@gmail.com
252,,130.0,,JUgfoERwvT,imrlfe@gmail.com
253,Simran,,47447.0,CCIMR9262V,user@
254,Simran,-5.0,71459.0,6uyYprMjSz,fwsktx@gmail.com
255,,-5.0,,JWDOD2673S,
256,Rahul,130.0,,VcOggeJVDR,qnochn@gmail.com
257,Neha,-5.0,,MWHmD5sOUV,pxmzhv@gmail.com
258,Rahul,-5.0,,wLzqt5pa1S,chfnhd@gmail.com
259,Karan,-5.0,-10000.0,hor5Lj88gz,user@
260,Rahul,-5.0,76055.0,XAXYM0253N,ewhoui@gmail.com
261,Rohit,130.0,-10000.0,QTGYI2153D,mwqxfp@gmail.com
262,Aman,-5.0,-10000.0,CIc6VmZHkG,user@
263,Neha,130.0,32149.0,XZWAU6025N,dqpxvn@gmail.com
264,Karan,,77516.0,uBz7hllyEi,iwptbt@gmail.com
265,Rohit,-5.0,,WotT5qdAuI,test@gmail
266,Neha,,48014.0,QZNHV6900R,bnojay@gmail.com
267,Priya,-5.0,46781.0,SXJLM1023E,npgqeq@gmail.com
268,Aman,-5.0,-10000.0,JHZJQ6721W,abc@
269,Karan,-5.0,-10000.0,A5KnbVvx7H,user@
270,Simran,130.0,85013.0,PXpkJkUnxn,abc@
271,Rahul,,-10000.0,HYqGULlO3g,test@gmail
272,Neha,130.0,,Ws1RHST5bc,
273,Rahul,,-10000.0,ABANP4026X,abc@
274,Priya,130.0,83980.0,XUJOX2389Q,
275,Simran,-5.0,20565.0,k4uCgGR7JQ,lgaxzu@gmail.com
276,Simran,-5.0,-10000.0,PMAKO4775L,
277,Priya,-5.0,,6tQu7rxnEs,abc@
278,Rahul,57.0,38627.0,CLOPN1770H,yihfho@gmail.com
279,,130.0,,BHMytY39Tm,
280,Karan,77.0,,CgIiiTxHQu,bipgue@gmail.com
281,Rahul,15.0,,IENZL2449B,whkdes@gmail.com
282,Karan,130.0,-10000.0,EDDAV9398B,abc@
283,Priya,,,sxhRVymytP,abc@
284,Karan,,,RHZAZ1552F,vxavrp@gmail.com
285,Rahul,,-10000.0,WDXLW0703N,abc@
286,,34.0,-10000.0,ZMKSE8027W,abc@
287,Priya,130.0,,JIVYL6270P,zlmjwe@gmail.com
288,Rohit,-5.0,,GHKDN7694Y,test@gmail
289,Anjali,,,o7giytOcS9,abc@
290,Neha,,,PBLGV6567R,user@
291,Karan,6.0,-10000.0,QIPDP1559Q,csnwat@gmail.com
292,Simran,,-10000.0,Bf2btHMRIX,test@gmail
293,Aman,130.0,-10000.0,RRBQI1103U,
294,Karan,-5.0,-10000.0,OGQFL2097I,tmhucz@gmail.com
295,Neha,24.0,-10000.0,ECZLC4679R,
296,Karan,,,FNtqhMPQ3V,abc@
297,Anjali,-5.0,-10000.0,RZLKJ4078U,abc@
298,Simran,-5.0,34164.0,YL4MRIzrSS,user@
299,Neha,130.0,-10000.0,PKRPJ2789K,baggzc@gmail.com
300,Priya,19.0,,QKHQS1673M,puubnn@gmail.com
301,Anjali,130.0,68875.0,gJxYwjEsTV,abc@
302,Neha,-5.0,-10000.0,hK5r1p6oUv,user@
303,Rohit,,-10000.0,4xqx4PD6w8,rtnrus@gmail.com
304,Rahul,130.0,,AWWXD3532S,user@
305,Aman,130.0,-10000.0,IZFFB3322E,abc@
306,Rahul,75.0,50585.0,XXBMJ6153Z,gmcyaw@gmail.com
307,Aman,,,LUGGB0303H,ckodso@gmail.com
308,Priya,58.0,-10000.0,PCCTL9987R,ktlydk@gmail.com
309,Anjali,-5.0,-10000.0,e9jDv3yBKX,user@
310,Aman,24.0,-10000.0,rIj9bzbliE,abc@
311,Rahul,,81180.0,XWKJH0066J,test@gmail
312,Karan,,-10000.0,USHSV8797Z,bzyouf@gmail.com
313,Priya,-5.0,,U78CtoX6my,qjqqvc@gmail.com
314,,,-10000.0,COJZO1144B,abc@
315,Neha,-5.0,,fwDRzVBb3U,user@
316,Karan,130.0,,Dat2prn8Vu,stjxto@gmail.com
317,Karan,,,QZICB0866O,
318,Karan,,-10000.0,HXNDP5546Q,
319,Karan,82.0,-10000.0,AWEBV0445B,test@gmail
320,Rahul,74.0,,YPFNR0523A,kunhbb@gmail.com
321,Rohit,-5.0,97719.0,sTPqoUjaCH,wavsef@gmail.com
322,Priya,63.0,72343.0,vinsOKKHIp,user@
323,,,-10000.0,AGROM3627I,user@
324,Karan,43.0,-10000.0,1e8Hu50rfK,user@
325,Karan,-5.0,92797.0,XMLFI2954V,oblprw@gmail.com
326,Simran,,,SAPOP2985V,icbfex@gmail.com
327,Rohit,-5.0,41374.0,ZIIUA6253X,abc@
328,Rohit,-5.0,21759.0,PZLRG4836G,hcfqul@gmail.com
329,Rahul,,,FUCCY4711V,zgjkjj@gmail.com
330,,-5.0,,XIIDI2759X,bjtwsl@gmail.com
331,Rahul,130.0,,HWTBP0741H,juvtkd@gmail.com
332,,,,VHTUR6816T,slynmt@gmail.com
333,Rahul,,,MOSZZ6844K,abc@
334,Priya,130.0,31805.0,ShyNc8CPsV,abc@
335,Karan,,,TUIUQ4162Y,abc@
336,Aman,63.0,-10000.0,SRQLS2113F,phtcjv@gmail.com
337,Rahul,-5.0,,PVSLC5312K,abc@
338,Anjali,22.0,-10000.0,eszP3CMPq1,axdkgb@gmail.com
339,Neha,84.0,-10000.0,VkJe7twJRW,abc@
340,,-5.0,,avlWUWbwa3,pjinte@gmail.com
341,Priya,,,AW6xsiwov9,ttsqvv@gmail.com
342,Rahul,79.0,-10000.0,FWYVA5009P,hdczfu@gmail.com
343,Neha,130.0,-10000.0,PIWDT1103C,sxeklv@gmail.com
344,Simran,46.0,-10000.0,DWVTQ9724Q,test@gmail
345,Rahul,,-10000.0,BSDEF2086P,test@gmail
346,Simran,,-10000.0,FrUpnfrrOp,test@gmail
347,Priya,-5.0,,TWZUM3350Y,abc@
348,Rahul,,,ALPVX8795A,pumxyl@gmail.com
349,Aman,130.0,,Qg0kLq7fvm,yizleu@gmail.com
350,Aman,130.0,-10000.0,ISGeR5TkOD,user@
351,Simran,7.0,-10000.0,EPKMF7584W,abc@
352,Aman,,27200.0,0uL2jkytBd,yqjjjc@gmail.com
353,Anjali,-5.0,,CtrzryAjc7,fbhnvz@gmail.com
354,Simran,130.0,39199.0,i3o25HqhhU,zwzbun@gmail.com
355,Anjali,130.0,85455.0,YSMLI0687J,woymoi@gmail.com
356,,,,JBAUI6500H,ritfhk@gmail.com
357,Rohit,130.0,,YUBJE6760C,gtdfep@gmail.com
358,Priya,130.0,47703.0,kqPfVdIpGe,lantmg@gmail.com
359,Neha,,,ATHOE3523X,user@
360,Karan,130.0,,ByDzULDAdk,azfwuc@gmail.com
361,Rohit,,,HDYYU3876K,user@
362,Aman,-5.0,-10000.0,lsIkuEsHrs,test@gmail
363,Karan,130.0,44545.0,BRCJT1008C,test@gmail
364,,130.0,,JOSVD4551N,
365,Aman,-5.0,-10000.0,nPMzZPcojC,user@
366,Anjali,81.0,83281.0,YPZJZ0629H,test@gmail
367,Priya,130.0,68741.0,KChEHzDITq,ufqgnp@gmail.com
368,Simran,-5.0,,9yaIMnHbJL,test@gmail
369,Rohit,24.0,-10000.0,qBkpqCdsPD,nxogon@gmail.com
370,Anjali,130.0,43300.0,B9QlFXrNwv,tvipvi@gmail.com
371,Priya,-5.0,,rOx5oZ5KZD,twlnwr@gmail.com
372,Rohit,-5.0,80327.0,OFSHK8113P,tniljy@gmail.com
373,Anjali,97.0,64939.0,MOjr0IA74x,efinwy@gmail.com
374,Karan,,68237.0,BFVLT6901O,lrmoip@gmail.com
375,Karan,,82257.0,ZRADZ4134W,
376,Aman,,-10000.0,DXULC6229K,test@gmail
377,Neha,130.0,,IMHQB0161W,abc@
378,,,37973.0,PGDYH0794A,
379,Rohit,-5.0,,AOYQK8367B,namppy@gmail.com
380,Neha,30.0,74166.0,QAAZM3155C,user@
381,Aman,-5.0,-10000.0,XUZHK9632C,taoppp@gmail.com
382,Rohit,67.0,-10000.0,fAaooEGFJ3,test@gmail
383,Anjali,,,mX7BBfy1r2,abc@
384,Simran,-5.0,,lhgG7QyOGG,user@
385,Rahul,,,hYDesn9A9A,zcewcs@gmail.com
386,,90.0,79968.0,XMZKY5025L,abc@
387,Aman,,-10000.0,XZKQM0351D,user@
388,,130.0,,xx3DrNtynb,abc@
389,,6.0,-10000.0,ONj58CYqBR,user@
390,Simran,,93354.0,OOJAG8166K,nmfvij@gmail.com
391,Karan,,49306.0,IzNPsW8zbb,gxicuj@gmail.com
392,Rahul,86.0,-10000.0,MSNES4661V,abc@
393,Neha,-5.0,90361.0,wqN0oM5qR5,user@
394,Aman,-5.0,,ufciCF0XsS,test@gmail
395,Simran,21.0,84628.0,s0ndDKIyv0,umdhde@gmail.com
396,Rahul,130.0,-10000.0,RffcsxRjbY,user@
397,Rahul,130.0,-10000.0,BSXXZ2203V,ocdxsj@gmail.com
398,Priya,,65920.0,MLWLJ1701E,
399,Aman,130.0,-10000.0,4vV26Z8QFg,test@gmail
400,Aman,-5.0,-10000.0,JI4PHDmflv,abc@
401,Anjali,97.0,,SNlzPvPMYZ,odlkjq@gmail.com
402,Priya,130.0,,mwn02TjfbC,wczhtn@gmail.com
403,Priya,,32826.0,JWAKF3264G,gexjlg@gmail.com
404,Simran,59.0,,FSNKY2454N,pqmghm@gmail.com
405,Simran,130.0,-10000.0,B93hyPoq3P,qbluge@gmail.com
406,Priya,130.0,,PWRNQ6483Q,zhiljg@gmail.com
407,Simran,-5.0,,ah1kHvdNHf,afirmn@gmail.com
408,Simran,130.0,52175.0,HRfwup4Rik,xwicha@gmail.com
409,Karan,89.0,49495.0,SRKZH3264U,sfbnck@gmail.com
410,Simran,-5.0,27712.0,CNGJD7451A,user@
411,Priya,33.0,,cBuAziyB8I,vdmwpq@gmail.com
412,Aman,,,GDAUX4146T,lysdpy@gmail.com
413,Priya,,-10000.0,j2OiwJlH5U,dlveyy@gmail.com
414,,-5.0,71834.0,KLZCT6867E,nhonrp@gmail.com
415,Anjali,-5.0,85314.0,OTAGA7323W,qirvel@gmail.com
416,Karan,,-10000.0,UKKLZ1549T,mxojvd@gmail.com
417,Anjali,3.0,-10000.0,ZQDHE5042Y,test@gmail
418,Rohit,130.0,-10000.0,GRWHF6886C,qofmwr@gmail.com
419,Simran,-5.0,-10000.0,3Ankgy88gB,test@gmail
420,Karan,130.0,76045.0,FKJZN1188O,rtlnji@gmail.com
421,Aman,,57208.0,PFSXU0340Z,abc@
422,Priya,-5.0,57726.0,MCJMZ7670W,sdutrf@gmail.com
423,Rohit,130.0,,LpVAeXDTqJ,user@
424,Karan,-5.0,,FBAJN3901H,
425,Neha,-5.0,-10000.0,RLQOG1790P,user@
426,Anjali,-5.0,,oXJufPJWmF,test@gmail
427,Neha,88.0,58716.0,TFTXX5627Z,
428,Karan,43.0,-10000.0,SKOJS3038N,nvhalk@gmail.com
429,Priya,,,6PzOfOnzHO,rjcsvo@gmail.com
430,Neha,,,4TFDZWhMmC,seaayt@gmail.com
431,Aman,-5.0,87393.0,RFQSR3775J,zybodp@gmail.com
432,Priya,,-10000.0,AGMXB2076R,dfcppp@gmail.com
433,Anjali,130.0,,OJYCB8676E,glvdgz@gmail.com
434,Simran,56.0,,YNBSRozcgR,user@
435,Anjali,130.0,,WWAEJ8472B,qtdqwf@gmail.com
436,Karan,10.0,-10000.0,bIKzlehowq,fbxawc@gmail.com
437,Anjali,43.0,,IPZKO9562U,jkyzvi@gmail.com
438,Aman,-5.0,,rFAK2u0CNx,cagiph@gmail.com
439,Anjali,65.0,-10000.0,6yEDhLgsVt,segbwm@gmail.com
440,,,78849.0,WAVSB8699P,mmbleb@gmail.com
441,Simran,,-10000.0,AKJHK6418M,tfatxo@gmail.com
442,Rohit,-5.0,-10000.0,eULY1ot0BL,rxpecx@gmail.com
443,Aman,-5.0,,XAGET9515I,fmpbjs@gmail.com
444,Anjali,130.0,25367.0,BRIDU6109R,muhnwv@gmail.com
445,Karan,75.0,32121.0,OUDMX0988D,huqcor@gmail.com
446,Simran,-5.0,23743.0,QTw0yaER1G,ixrivm@gmail.com
447,Rohit,130.0,60675.0,MYSUR4002J,autibn@gmail.com
448,Simran,130.0,,SUNDB2668N,hhrjwp@gmail.com
449,Neha,-5.0,,x6EHXlCVT9,josyve@gmail.com
450,Simran,-5.0,77253.0,6GRNaPnaNR,wucnlx@gmail.com
451,Anjali,-5.0,62223.0,0YYtE9xatR,abc@
452,Karan,58.0,,DGRKN0800X,gmqmmy@gmail.com
453,Neha,-5.0,,FGHCC8732Q,veoafa@gmail.com
454,Neha,70.0,,3dn8Qg8Olq,user@
455,Priya,65.0,,ijKIh3Ykjv,
456,Anjali,-5.0,-10000.0,QmVALVn7Xi,janncf@gmail.com
457,Rahul,-5.0,33560.0,CWLFE8336P,user@
458,Aman,45.0,73861.0,ZNebvNrqmV,abc@
459,Aman,93.0,40579.0,OZUJQ3886F,test@gmail
460,Rahul,,-10000.0,sScWmQRSvf,abc@
461,Aman,-5.0,-10000.0,ru5lywneeH,bljvas@gmail.com
462,Rahul,27.0,-10000.0,LMVQM8912A,user@
463,Rohit,,-10000.0,Q8nB6G0HYi,test@gmail
464,Aman,-5.0,,ZHUFL1636D,user@
465,Anjali,130.0,-10000.0,DGjSjvHz0L,mxejtx@gmail.com
466,Priya,,-10000.0,4qguYBZoSv,
467,Priya,,-10000.0,SFMPG6260S,abc@
468,Priya,-5.0,44448.0,Jjj8cAT0SB,pvbmzl@gmail.com
469,Aman,130.0,-10000.0,Gz1GR3plc2,hyxyme@gmail.com
470,Simran,-5.0,-10000.0,SENLK7595T,test@gmail
471,,,,IRQMF4073R,user@
472,Rohit,130.0,54473.0,XdANQqg5hK,scdyzk@gmail.com
473,Priya,31.0,,DSrSDSxTBf,ftjyyp@gmail.com
474,Neha,,-10000.0,TXDZE5669V,ntfqhu@gmail.com
475,Rahul,9.0,64126.0,FCWYP7765Z,xwkvhg@gmail.com
476,Neha,-5.0,,xmxnvd34OA,daejco@gmail.com
477,Simran,40.0,36776.0,BWQGH5597W,abc@
478,Priya,,-10000.0,DCQIK2784I,wjuhss@gmail.com
479,Simran,130.0,-10000.0,5IQcNhduOY,msiris@gmail.com
480,Neha,52.0,,H6fCFwgOoC,jdtran@gmail.com
481,Rohit,56.0,-10000.0,JUCSU3058A,pbdeop@gmail.com
482,Karan,20.0,-10000.0,FERNC1367H,user@
483,Simran,-5.0,,M1Fd7K9RXw,
484,Anjali,130.0,57923.0,8c9T3lePGQ,user@
485,Karan,130.0,67154.0,OSUOV4501G,
486,Rahul,,,AHGRG4223J,biwagn@gmail.com
487,Aman,130.0,55263.0,ISASU2509R,edmtvu@gmail.com
488,Karan,130.0,21100.0,TxEVJLQ9sk,test@gmail
489,Rohit,77.0,,vxyqwE7aO1,abc@
490,Rohit,130.0,-10000.0,86p9rNCgRv,ijwgac@gmail.com
491,Priya,-5.0,23208.0,EI6ZGApdS2,abc@
492,Neha,74.0,,h5xEm0ex7N,pqglua@gmail.com
493,Karan,75.0,,IEDYR9035O,user@
494,Anjali,130.0,-10000.0,KRXSV4261F,user@
495,Aman,,-10000.0,vmcVX6OwwN,test@gmail
496,Rahul,,66803.0,JFWSS5011E,bibxiu@gmail.com
497,Anjali,7.0,74101.0,DQMMC9043U,nvjrss@gmail.com
498,Rohit,-5.0,-10000.0,PWJitmm8wr,kvnjva@gmail.com
499,,63.0,26797.0,EEQUK3010P,test@gmail
500,Anjali,130.0,,VCBYG9372U,mdufzb@gmail.com
501,Simran,86.0,42178.0,JSPXD5257Q,user@
502,Karan,-5.0,37087.0,MKVRR8853Q,test@gmail
503,Anjali,,-10000.0,XXDCD4726X,
504,Rohit,,,7PV8hPaeFn,jnkzul@gmail.com
505,Anjali,130.0,32195.0,WWLXS4843A,abc@
506,Karan,130.0,,EEAwKynjYg,lgmqij@gmail.com
507,Simran,130.0,54212.0,JCMKM0401A,yanskd@gmail.com
508,Rahul,130.0,-10000.0,LVXNR0966H,aybzaj@gmail.com
509,,-5.0,,FEKYV8783M,
510,Priya,,-10000.0,FFBMU9286G,
511,Priya,130.0,-10000.0,ARXGO4203H,abc@
512,Neha,90.0,,RMDDY3545W,gsbghb@gmail.com
513,,48.0,,BKCUI1581C,aeineb@gmail.com
514,Rohit,12.0,,sR3MPDHWLS,lefygf@gmail.com
515,Rahul,130.0,53842.0,GXZYW3522I,fwxwgl@gmail.com
516,Simran,4.0,,BJJVQ9240B,test@gmail
517,Aman,67.0,-10000.0,w0fnaKMhDJ,abc@
518,Priya,-5.0,-10000.0,UvW6e3RnkL,abc@
519,,130.0,99588.0,r225JgJWIB,oydctw@gmail.com
520,Anjali,130.0,-10000.0,uDGlET0UCr,
521,,,,Xth6innwLm,user@
522,Aman,-5.0,-10000.0,RQVDJ3600W,user@
523,Rahul,,-10000.0,XIRTM5301B,ffkhgu@gmail.com
524,Neha,33.0,,TKTLT5245Q,
525,Neha,130.0,-10000.0,XYQNP5294O,user@
526,Neha,48.0,,wzEJlARQYb,abc@
527,Rohit,23.0,,BDOWU9872S,pvsrmm@gmail.com
528,Aman,,,kPOO3a9upy,ubygnp@gmail.com
529,Rahul,34.0,-10000.0,IKTSK1107K,user@
530,Priya,31.0,,EFSPP5372X,debyqd@gmail.com
531,Rahul,,,DEHGM2599S,sijgxo@gmail.com
532,Karan,-5.0,,pm651npjhE,test@gmail
533,Rahul,,-10000.0,6bSavErQhv,test@gmail
534,Priya,47.0,57597.0,WKNRM1586R,test@gmail
535,Karan,,26995.0,Itn9pIi7j9,srsebu@gmail.com
536,Aman,-5.0,-10000.0,VSHFJ4559D,cluygg@gmail.com
537,Karan,29.0,-10000.0,p3Q3I0eTXB,test@gmail
538,Rahul,,,MGVUP2732A,abc@
539,Rohit,90.0,35948.0,e6bZv305Nt,
540,Rahul,-5.0,-10000.0,IMDKV6021Q,user@
541,Karan,-5.0,,Wx9VWFJhkr,
542,Anjali,130.0,-10000.0,bbKAyZ7eUz,dijjch@gmail.com
543,Neha,130.0,59227.0,LJVTA5058S,
544,Anjali,100.0,98243.0,n6VtZnM9ES,test@gmail
545,Aman,130.0,-10000.0,0N8NXRBkNI,test@gmail
546,Priya,36.0,32982.0,Y1aHSZ9EnV,ggptvz@gmail.com
547,Neha,-5.0,,MMBCO3885N,abc@
548,Priya,12.0,,WuNJyFm4Y4,test@gmail
549,,55.0,37118.0,SCXZL6823G,abc@
550,Aman,-5.0,,6owZeNKiSl,hrthpg@gmail.com
551,Rahul,130.0,,KYEBV7764N,user@
552,Aman,130.0,,roRklGt4eo,tqkbup@gmail.com
553,Rohit,,-10000.0,VyDRZqdkXJ,abc@
554,Aman,73.0,-10000.0,h1rHjlzMDE,ymvyrr@gmail.com
555,Simran,88.0,-10000.0,GANDD3961Z,djqyee@gmail.com
556,Karan,13.0,57060.0,Rzs5CirXhr,
557,Rahul,130.0,28373.0,zwZNi1lESQ,
558,Anjali,-5.0,,nh4cHg7vo2,test@gmail
559,Rohit,85.0,,NAePXalzGg,abc@
560,Priya,78.0,,6BDh9BIoSu,
561,Priya,30.0,-10000.0,LWCSH2761F,gjvxhi@gmail.com
562,Neha,130.0,,MFWWM5463L,iudlwo@gmail.com
563,Karan,130.0,,ldmURsz4B2,
564,Anjali,-5.0,,jNJyKkqyFA,abc@
565,Simran,-5.0,,AGmMw7iGKB,test@gmail
566,Aman,23.0,,GQPPS8334T,test@gmail
567,Rohit,-5.0,,aDrPOiq8EW,pbdctc@gmail.com
568,Karan,74.0,,z8dm45AKjb,ysfqed@gmail.com
569,Neha,78.0,-10000.0,WJXRN0073J,
570,,35.0,,TSXZA2652A,gnkbhi@gmail.com
571,Priya,,-10000.0,J1rixtxfFM,pealsv@gmail.com
572,Neha,,94474.0,YRMKH0776F,test@gmail
573,,63.0,,HFdqRH3QPs,mhofng@gmail.com
574,Anjali,-5.0,65075.0,XXGWM4312Q,user@
575,Simran,-5.0,,Kr2XVlqCrG,etwboh@gmail.com
576,,39.0,98860.0,BHIXU0629V,test@gmail
577,Karan,,,iycTa9liR0,yepzim@gmail.com
578,Priya,,-10000.0,JWOFE6279J,test@gmail
579,,-5.0,87590.0,JOLBG1140F,woknkn@gmail.com
580,Simran,130.0,,SRDt9nVjjk,dsjnst@gmail.com
581,Karan,26.0,33869.0,NG1IRDgvBH,qvvlmy@gmail.com
582,Karan,-5.0,76264.0,2fpsvTsE7a,abc@
583,,62.0,-10000.0,cu1fkZRTEe,user@
584,Neha,130.0,-10000.0,UETFU1833O,cedebn@gmail.com
585,Anjali,-5.0,49029.0,WMPXS3293O,test@gmail
586,Rohit,130.0,-10000.0,ci3ZIpZdsg,izkkca@gmail.com
587,Rahul,-5.0,47645.0,HDASA8235B,test@gmail
588,Priya,-5.0,81097.0,Pt6KFixaB9,tpfcad@gmail.com
589,Priya,130.0,76462.0,dP7x7EVZOS,ngoymd@gmail.com
590,Aman,-5.0,-10000.0,QMSAI9921N,brysjy@gmail.com
591,Anjali,-5.0,82878.0,8RIS7fPGq9,user@
592,Karan,-5.0,-10000.0,MHJRC2223I,bawvfw@gmail.com
593,Anjali,-5.0,93114.0,WGUcFdCgHT,cetvwj@gmail.com
594,Karan,,49328.0,GlZcIzOoHL,tlxrmb@gmail.com
595,Karan,3.0,-10000.0,xQhvXHAzIh,dfhvhj@gmail.com
596,,130.0,,7EYxoFsf1e,test@gmail
597,Priya,130.0,-10000.0,p4dL4Gd7y2,user@
598,Anjali,130.0,62569.0,tYfRe6DIis,idhdpg@gmail.com
599,Rohit,,74628.0,QKOTJ9259I,xihpil@gmail.com
600,Karan,130.0,-10000.0,URYDX6762G,vpwono@gmail.com
601,Neha,,,dD7kOkKDKY,lgqlbd@gmail.com
602,Anjali,,81030.0,KDWQV9891Z,user@
603,,99.0,-10000.0,ALYEE6816Z,olgzvm@gmail.com
604,Rahul,,,KYRBM7036D,test@gmail
605,Priya,100.0,,z7RX1Oh7ni,
606,Rohit,-5.0,51219.0,SDYGV5080D,eoowxc@gmail.com
607,Simran,130.0,-10000.0,L7nBOHOjaA,bbmrzc@gmail.com
608,Simran,130.0,-10000.0,vyr7S5rTDu,user@
609,Karan,-5.0,-10000.0,NKpipaNoiI,user@
610,Aman,,26976.0,PUJkDcZs5P,xjjapp@gmail.com
611,Rahul,-5.0,32600.0,LFWRB9345X,jcjbkz@gmail.com
612,Neha,130.0,,VPHHA5645G,user@
613,,37.0,64839.0,URFTG3290R,igckmq@gmail.com
614,Karan,67.0,-10000.0,1Tr8XX8XA1,test@gmail
615,Simran,-5.0,70434.0,NQLGP0903O,user@
616,Rohit,-5.0,77612.0,EBPSI5201H,wboomt@gmail.com
617,Neha,-5.0,98369.0,BAbnfREDGV,pqnqft@gmail.com
618,Aman,64.0,,ERPLX6358V,test@gmail
619,Rahul,,-10000.0,vaa2fXxWuM,bqaxbq@gmail.com
620,Aman,-5.0,,KQeZZxXwRM,
621,,,,JBAUU8549S,lpfwke@gmail.com
622,Rahul,8.0,,HzFr4b7coF,
623,Priya,37.0,-10000.0,YEDSJ5348U,jbyczy@gmail.com
624,Rohit,,,EMLHU1338F,abc@
625,Neha,-5.0,39716.0,VXUCY8157G,test@gmail
626,Anjali,37.0,,qdjC3l8RMH,test@gmail
627,Simran,-5.0,,a5FcKUJk3V,kkpntk@gmail.com
628,Aman,130.0,52870.0,XVLAO8814S,
629,Priya,130.0,-10000.0,bnzFm8VUfy,icwyzi@gmail.com
630,Rahul,-5.0,,CCZYP8061E,yutlom@gmail.com
631,Neha,-5.0,45599.0,kdbZk6QYyE,qmovaa@gmail.com
632,Rahul,84.0,,NCOBFoxvY0,xmbqzr@gmail.com
633,Simran,130.0,87442.0,58ptazzOi0,
634,Karan,,-10000.0,LCAAC2965B,jhtoep@gmail.com
635,Aman,130.0,,lJ3qPINh7R,xlylwc@gmail.com
636,Aman,130.0,-10000.0,UUJWU8355F,user@
637,Karan,,89197.0,1AdGLuR2MH,
638,Neha,130.0,,DEWQZ7613S,abc@
639,Neha,130.0,46639.0,JUTJP9536G,
640,Priya,12.0,-10000.0,6yZ7K970TS,ieskwu@gmail.com
641,,16.0,,A2omCcf6BS,user@
642,,130.0,59615.0,CRXSX2248Z,test@gmail
643,Anjali,41.0,-10000.0,FHXQY9470N,qakxrv@gmail.com
644,Rahul,30.0,63570.0,VdWqamiXjn,test@gmail
645,Karan,,31239.0,GEISA8314R,kqlzim@gmail.com
646,,-5.0,86904.0,ULNUK3561A,user@
647,Simran,-5.0,-10000.0,BrXe9OFgSV,test@gmail
648,Neha,-5.0,52404.0,MNhqvZGeyg,vbiqpu@gmail.com
649,Aman,12.0,45420.0,7xjNI147Cs,vhwsbh@gmail.com
650,Neha,130.0,-10000.0,YBZIK4458K,flabgl@gmail.com
651,Priya,,,LXHUV3963O,awvifc@gmail.com
652,Aman,,-10000.0,gAYqyuxAc9,test@gmail
653,,28.0,56235.0,RHZRI8688B,tlvvpi@gmail.com
654,Karan,-5.0,,FTJEK9293R,abc@
655,Neha,89.0,-10000.0,CYRPT4297Z,test@gmail
656,,-5.0,47545.0,8Frb2jQk24,
657,Rahul,-5.0,,MSMYF9470O,user@
658,Rohit,,88270.0,ltt4eAIzHB,user@
659,,-5.0,81244.0,efK4R1dYWa,user@
660,Priya,130.0,21409.0,YTMYW5947K,abc@
661,Karan,-5.0,,Yvcv75vqkU,
662,Aman,-5.0,-10000.0,9vbbyBzs0V,foqnvi@gmail.com
663,Neha,-5.0,-10000.0,SORHC7701K,
664,Rahul,18.0,-10000.0,ANHNX5316G,
665,Anjali,,53560.0,OKWWG0770G,temgmr@gmail.com
666,Anjali,,,xFOqZjSa38,tlppfr@gmail.com
667,Aman,130.0,,NL2fdaJ8XZ,wastzv@gmail.com
668,Priya,-5.0,,DDEVI4423S,abc@
669,Neha,,30976.0,XHSFC3547D,rbhnfh@gmail.com
670,Priya,,73416.0,3XcgtKKR3N,test@gmail
671,Aman,15.0,35999.0,LBCRI4148X,
672,Anjali,-5.0,-10000.0,DAOQH2678V,
673,Rohit,,,kzMD5TLEq8,
674,Anjali,-5.0,73109.0,LZCJA3100T,ttivmi@gmail.com
675,Neha,-5.0,,VIVCU1860G,
676,Aman,63.0,67073.0,M5Se0CiKJq,user@
677,Karan,,-10000.0,DYDDE9352F,eojmho@gmail.com
678,Anjali,52.0,60127.0,OSLBP0890M,wfsrec@gmail.com
679,Simran,43.0,,ZFRVX5672C,jdsnya@gmail.com
680,Rohit,-5.0,-10000.0,UlDobtxSTA,test@gmail
681,Aman,,,TSMKV8477X,dekuta@gmail.com
682,Priya,130.0,38466.0,IHVYZ0334X,
683,Simran,68.0,-10000.0,OMOHT2144S,abc@
684,Aman,72.0,,LIZOG1883L,vlkbxm@gmail.com
685,Rohit,,88891.0,QTPPH6429U,mwfdhw@gmail.com
686,Simran,-5.0,,IXNWK3714G,test@gmail
687,Rohit,19.0,-10000.0,WOSBH6164G,
688,,,-10000.0,WDCHL7509Q,swwrcc@gmail.com
689,Simran,,-10000.0,TV1O934ihn,test@gmail
690,Karan,-5.0,53412.0,E8qkIZzwvx,abc@
691,Simran,-5.0,,PKHDY7218N,abc@
692,Aman,-5.0,98314.0,6SC8s6K9iR,ecovky@gmail.com
693,Anjali,,,IVVVS4572Q,test@gmail
694,Anjali,,58253.0,mnKu1gdYcT,vzyiua@gmail.com
695,Aman,,-10000.0,PYYMH1610S,bsqccc@gmail.com
696,,-5.0,,CWBgMplA9T,user@
697,Simran,130.0,-10000.0,i6etEf6PNj,abc@
698,Rahul,,-10000.0,OKTVW3627G,itwwwi@gmail.com
699,Simran,70.0,,VVMRI3876A,abc@
700,,-5.0,-10000.0,7hBXnYjxlA,test@gmail
701,Neha,130.0,,tLuAXV5c0u,dahlyl@gmail.com
702,,95.0,-10000.0,TSQRZ2665A,
703,Anjali,,-10000.0,yuwqQI3Vuz,abc@
704,Priya,43.0,26532.0,RJWBB3025N,abc@
705,Neha,,-10000.0,XCRZQ3482K,test@gmail
706,Simran,50.0,-10000.0,PPAKN4220I,pvlwbj@gmail.com
707,Aman,130.0,,xxcnKrzVWm,test@gmail
708,Rohit,,,IPJPL9767J,test@gmail
709,Priya,14.0,40483.0,YRJGM3617Q,fdnfvx@gmail.com
710,Rohit,,39817.0,YJNC2W7MBM,abc@
711,Rahul,,,WNYUV6923X,
712,Rahul,,,BSFJH5431T,ngpixa@gmail.com
713,Rahul,,-10000.0,0S2YXclJWW,abc@
714,Anjali,-5.0,94338.0,XKsfTJs4AV,vwrwvg@gmail.com
715,Rohit,130.0,,NrqmSsoIXV,user@
716,Anjali,,,VWFUP6456A,tslbmn@gmail.com
717,Priya,3.0,93539.0,ZXGCM3312S,gkkeay@gmail.com
718,Karan,-5.0,,SWTDU4854P,test@gmail
719,Neha,18.0,-10000.0,zR4ChzIX6e,test@gmail
720,Rahul,82.0,-10000.0,BTAWE9028R,
721,Priya,130.0,-10000.0,mhaqXCP54m,guonjg@gmail.com
722,Aman,,,0bV6SdJuHi,user@
723,,83.0,,7ScxxWPySR,abc@
724,Aman,,,WQHST2104S,dtfqqm@gmail.com
725,Aman,39.0,-10000.0,gCddjzqaki,tkswnc@gmail.com
726,Aman,-5.0,-10000.0,YIFHB2768C,ztmigy@gmail.com
727,Simran,19.0,48812.0,QAHYD2258S,fqusfk@gmail.com
728,Anjali,,28414.0,AQKPP0639Z,
729,Neha,130.0,89357.0,EXRLG0313S,qaoorv@gmail.com
730,Priya,130.0,,hm0CBWfQHA,
731,,130.0,,VPGGW2950I,pnjdsl@gmail.com
732,Priya,130.0,-10000.0,SnwsBucxKS,test@gmail
733,Simran,130.0,62658.0,8gHxruENYv,test@gmail
734,Aman,130.0,32645.0,OsXXSE9AYY,yxgevx@gmail.com
735,Karan,130.0,-10000.0,PUg5p4fAZg,
736,Simran,130.0,33955.0,VRJGC9309J,srhlgn@gmail.com
737,Priya,,,BUMEC9345O,test@gmail
738,Priya,,,QBAKI3155O,rpjpme@gmail.com
739,Simran,,47019.0,z3kTmnyRL0,test@gmail
740,Priya,,54346.0,JphP7yUaxB,vgpcyu@gmail.com
741,Karan,29.0,71619.0,VLDUQ1934W,axhjjc@gmail.com
742,,,-10000.0,OGJHB4863K,abc@
743,Rohit,31.0,,SWBOT3414B,ublkib@gmail.com
744,Rohit,130.0,-10000.0,WUFUN8025C,cffais@gmail.com
745,Anjali,-5.0,-10000.0,GylqN68ONE,nbbpcz@gmail.com
746,Anjali,,,IYOAS5298X,ivezdw@gmail.com
747,Karan,,86945.0,QTfrsr1SCK,user@
748,,80.0,-10000.0,iXJEm3Mhws,uyzuty@gmail.com
749,Rohit,130.0,-10000.0,QQKPD8352S,wqluzs@gmail.com
750,Aman,,-10000.0,HSYLS4193J,user@
751,Simran,76.0,82711.0,TQRQU6056D,
752,Rohit,,,8XorfS0zxS,awkfqo@gmail.com
753,,,-10000.0,WIKUP0835F,lkgcml@gmail.com
754,Karan,11.0,-10000.0,NbFSkLcmYU,user@
755,Rohit,,-10000.0,EYEMP4619N,abc@
756,Karan,130.0,49688.0,ijV4ZNusEp,test@gmail
757,Aman,130.0,,JRMveT8d2Y,
758,Karan,130.0,,sNxJlxkf3A,iuiidu@gmail.com
759,,,25541.0,eHsQbt2jyR,lvxuxv@gmail.com
760,,130.0,,Rza1oVWQbI,hvxqrf@gmail.com
761,Aman,,32654.0,2nchcxgm02,
762,Anjali,,,JJRUJ7274R,jlvvme@gmail.com
763,Karan,71.0,-10000.0,XkJpb77MKG,ymmffn@gmail.com
764,Anjali,130.0,-10000.0,XYVOZ7948C,ejxrym@gmail.com
765,Rohit,,,ZGZKBRdJxY,user@
766,Priya,95.0,-10000.0,JWVKQ7245O,test@gmail
767,,,68641.0,y662ZQ75WY,test@gmail
768,Rohit,-5.0,,UXhrjrXCqp,test@gmail
769,Rahul,-5.0,35150.0,KRTMF5196P,test@gmail
770,Karan,73.0,-10000.0,urYt6KJcZv,test@gmail
771,Rahul,,68411.0,QCIKE7335T,user@
772,,-5.0,,ZSP8Gi69ZJ,xdtcqv@gmail.com
773,Anjali,-5.0,,LXFUW9947Q,fjlnxr@gmail.com
774,Anjali,-5.0,-10000.0,kUYZcnRJkg,
775,Simran,,,UGMSF9101N,
776,Anjali,12.0,,YULLU3009F,abc@
777,Aman,130.0,,NcKnsjpGom,abc@
778,Rahul,130.0,-10000.0,dv5LJgdqgq,abc@
779,Rohit,77.0,,nZ0kf3DDZi,abc@
780,Anjali,,,NDWZQ9435E,
781,,130.0,-10000.0,SGYVP6837Q,user@
782,,,-10000.0,OALXN0847N,dllbyw@gmail.com
783,Anjali,-5.0,,a8FpTVQauM,appifz@gmail.com
784,Rohit,130.0,-10000.0,euCZm8omvU,jcyanx@gmail.com
785,,17.0,,z7f32kSd21,liuyyn@gmail.com
786,Simran,,-10000.0,XTFVX2989N,ghyqyx@gmail.com
787,Rohit,,-10000.0,KZ4UiWeX33,ethvwq@gmail.com
788,Simran,,,QJLEG4725F,
789,,82.0,67601.0,JJJiitLe3a,emeafx@gmail.com
790,Anjali,130.0,,frqhWvV6y8,orzrit@gmail.com
791,,96.0,26840.0,WMCJB3641O,test@gmail
792,Karan,,75663.0,CSOIY2379Q,test@gmail
793,Simran,69.0,24962.0,IBKVC9374I,wbhlnt@gmail.com
794,Karan,,-10000.0,wttE75hi04,user@
795,Anjali,-5.0,86679.0,VWDMR2719Y,user@
796,Neha,-5.0,82438.0,GZSJI3159M,dqplvz@gmail.com
797,Priya,-5.0,-10000.0,N99eKV2ZeP,buyqfd@gmail.com
798,Anjali,130.0,-10000.0,YKKHJ1751O,user@
799,Rohit,-5.0,,FJUVE6255V,test@gmail
800,Karan,,,Kp8J81Wdkg,olmsed@gmail.com
801,Priya,130.0,63741.0,ASs5UdQaHG,user@
802,,130.0,20219.0,tAfcPOePwd,test@gmail
803,Simran,-5.0,,VCTIZ7879Q,romexn@gmail.com
804,Anjali,17.0,-10000.0,YCBWP2296A,uwgias@gmail.com
805,,-5.0,-10000.0,OTUDP0566E,mmynub@gmail.com
806,Aman,-5.0,-10000.0,RXFTK6398T,
807,Priya,,-10000.0,jkGSCaZ4Wd,
808,Anjali,130.0,,QYCNR3265N,hjucxc@gmail.com
809,Anjali,59.0,-10000.0,mvpggKAyP5,suatke@gmail.com
810,Anjali,130.0,-10000.0,AVRZV3511A,mswjad@gmail.com
811,Priya,49.0,,HUEVC6802J,ldwbze@gmail.com
812,Rohit,96.0,20123.0,aOOFEyVvrj,test@gmail
813,Aman,,,dPM6jApdLE,abc@
814,Anjali,9.0,,ZCSUC0933N,jaxhgu@gmail.com
815,Neha,130.0,-10000.0,BVLDC2834J,abc@
816,Karan,22.0,,ZHBNK8691G,pivhcj@gmail.com
817,Rohit,56.0,44841.0,zcvMhg7oJz,zhqbut@gmail.com
818,,130.0,65919.0,OqDIqtFYs9,test@gmail
819,,1.0,51576.0,YCEJY7866M,
820,Rohit,32.0,69415.0,uE4SfwtD8H,fzrvuj@gmail.com
821,,-5.0,96443.0,KH2AP8rCuP,joztsd@gmail.com
822,Simran,-5.0,46932.0,uWz78tOmEz,edxnai@gmail.com
823,Aman,130.0,,WSKCU0579Z,jkxpav@gmail.com
824,Rahul,,-10000.0,QIBLT0964E,fmmkmt@gmail.com
825,Rohit,,,WRFYI8142S,vtzbkx@gmail.com
826,Simran,,-10000.0,CWXXS9707I,jkmppm@gmail.com
827,Rohit,-5.0,-10000.0,GUVLW6165R,uptjid@gmail.com
828,Neha,130.0,90641.0,BWPZM4250L,bguznr@gmail.com
829,Anjali,130.0,-10000.0,JGZWU1267Q,weusqe@gmail.com
830,Aman,,56261.0,DCPFY6240Q,user@
831,Neha,-5.0,,kZSIjJAP90,gcvyqe@gmail.com
832,Karan,130.0,-10000.0,5Ax1Vznwa9,iwjewh@gmail.com
833,Rohit,-5.0,,LgJ4NO54j0,test@gmail
834,Rahul,,-10000.0,1cv11cGXhK,qheflw@gmail.com
835,Neha,,-10000.0,WUFFA9728D,
836,Simran,130.0,97749.0,IHPCQ5595F,zqkcvt@gmail.com
837,Priya,89.0,,vUZfojgkzR,qctbta@gmail.com
838,Rahul,130.0,,UVMWM0678S,jrbpui@gmail.com
839,Simran,,-10000.0,tQDTpLBOU2,owqvba@gmail.com
840,Neha,130.0,-10000.0,aPD1GsSLYK,
841,Priya,-5.0,38999.0,vfQC2Z0fHF,buanie@gmail.com
842,,-5.0,55265.0,KKKZN5301Z,abc@
843,Rahul,,,J0j3dHYs6F,gnprip@gmail.com
844,Karan,-5.0,-10000.0,YEKTP7998P,enpfza@gmail.com
845,Rahul,,-10000.0,CDDRIsR95N,user@
846,Karan,-5.0,,7DixLuzqY2,idqdnl@gmail.com
847,Rahul,,-10000.0,1jarzJV5tZ,hjzmrl@gmail.com
848,Priya,130.0,,HOZOL7346U,nflrww@gmail.com
849,Priya,130.0,24102.0,EXUDN9113W,fxeqcc@gmail.com
850,Simran,,45581.0,4m9wpNBnhY,tprmnu@gmail.com
851,Rahul,130.0,-10000.0,FMBPK1772O,
852,Simran,130.0,-10000.0,vd06PWHKMF,abc@
853,Rohit,-5.0,-10000.0,6owPYYEhVg,adhfnw@gmail.com
854,Simran,-5.0,80056.0,PGFWH5181G,ggbdnm@gmail.com
855,Neha,94.0,38750.0,VURYS9227Y,ylyypu@gmail.com
856,Priya,-5.0,-10000.0,8O8RC1nbRh,vjhufq@gmail.com
857,Simran,,,KK3kZdj4L2,
858,Neha,,,6dKiZU0WC4,
859,Rahul,130.0,,PCSWF5302M,wbpbmp@gmail.com
860,Rahul,20.0,56337.0,4Tnyet2IEx,
861,,-5.0,,6dgEzN7w63,sfjnha@gmail.com
862,Rahul,-5.0,,98DIFDjiaB,jkazde@gmail.com
863,,-5.0,,YPTJY1590X,iuedug@gmail.com
864,Rahul,,49145.0,6FvPImVcgR,jdrrsm@gmail.com
865,Anjali,5.0,,EVQKS9417W,pvrthq@gmail.com
866,Neha,32.0,-10000.0,NLGWH7054M,eianzk@gmail.com
867,Aman,-5.0,37892.0,CJsqHQDKMQ,aeogjb@gmail.com
868,Rohit,-5.0,87377.0,4lkHLkHWIB,user@
869,Neha,,20149.0,NOUDJ9615M,tehboe@gmail.com
870,Rahul,-5.0,-10000.0,SVYET4171F,test@gmail
871,Priya,-5.0,86732.0,UIORu9QBYY,test@gmail
872,Neha,,65502.0,BYVCH2596A,ydgjzb@gmail.com
873,Rahul,,54846.0,lorL77yhnR,bnxgth@gmail.com
874,,-5.0,-10000.0,21DKniUu79,uevajy@gmail.com
875,Aman,,58845.0,MYETK5739I,bucuac@gmail.com
876,Simran,,87908.0,fhBM2Dirgv,ewceyb@gmail.com
877,Priya,130.0,63214.0,qf7JkLlQNG,test@gmail
878,Rohit,-5.0,58188.0,GIOKG0162R,biwcib@gmail.com
879,Neha,,86843.0,KMWPL2517W,abc@
880,Rohit,,22605.0,UVUUT9295P,
881,Neha,130.0,74859.0,sdZpnGRuyL,zvudyb@gmail.com
882,Rohit,99.0,,FMSBO3173J,abc@
883,,,,eafiPeODfV,zgfluu@gmail.com
884,Rohit,130.0,59338.0,QTzWpAmu2R,dqmzmn@gmail.com
885,,79.0,-10000.0,czMp47Wi39,abc@
886,Aman,53.0,-10000.0,eB8n2uEBvc,abc@
887,Rohit,,-10000.0,THJSS2384R,user@
888,,130.0,67657.0,6e4u0CwkN4,ptanac@gmail.com
889,Simran,130.0,24123.0,dB2E3MNRfT,user@
890,Anjali,130.0,32198.0,QXQJM1990C,tyzgui@gmail.com
891,Priya,130.0,72359.0,KDYTL2246N,abc@
892,Priya,130.0,-10000.0,kIMyhJT4Ed,kithgk@gmail.com
893,Neha,130.0,,UTMII7324D,test@gmail
894,Neha,69.0,49491.0,0Ua8gMDxUZ,otdjyg@gmail.com
895,Simran,27.0,-10000.0,LLZx5Fj4Jg,sderhb@gmail.com
896,Karan,26.0,,qWfImVKXsU,test@gmail
897,Simran,130.0,,NSDNG0145W,tywsxh@gmail.com
898,Neha,38.0,-10000.0,BDBordMZU1,jvebsh@gmail.com
899,Priya,,,RNBMM1189X,kgyruc@gmail.com
900,Anjali,87.0,-10000.0,CUNDI6172O,lnptlb@gmail.com
901,Karan,,31260.0,TKXZG2798F,thfihf@gmail.com
902,Anjali,130.0,,dfsSEbqjEZ,abc@
903,Rohit,,-10000.0,ZNVJI3649W,
904,Aman,3.0,85072.0,jwcp5Y9C8N,
905,Anjali,-5.0,-10000.0,DvSXKhnV38,test@gmail
906,Rohit,,47303.0,srFOnz0ARU,uhryic@gmail.com
907,Simran,,,035x4bcM3b,dwbljd@gmail.com
908,Priya,26.0,,ZBJBW6814E,fkqynx@gmail.com
909,,130.0,,6VVrNc5ZFg,cfncjo@gmail.com
910,Rahul,,71354.0,vXmRAiZpj5,vexvxn@gmail.com
911,Rahul,,-10000.0,DFFNB0787A,
912,Anjali,,-10000.0,NAVUP8891P,abc@
913,Priya,-5.0,-10000.0,t1vsi3VRjQ,vnmdpi@gmail.com
914,Simran,51.0,,EHTKB9895M,ikbcqh@gmail.com
915,Neha,,-10000.0,GoMjlp49Cq,test@gmail
916,Anjali,83.0,-10000.0,YQTDU2844K,dbkmeu@gmail.com
917,Aman,90.0,,MRRIF0289R,test@gmail
918,Simran,,-10000.0,RVOIT8315H,
919,Rohit,77.0,70179.0,Q4sQzyiRX7,abc@
920,Aman,21.0,-10000.0,ID1h34A6ka,czcrbo@gmail.com
921,Rohit,130.0,,GQFIC4838U,cyvqou@gmail.com
922,Rohit,,47030.0,4bgdspQtLg,khueny@gmail.com
923,Simran,-5.0,51512.0,YUVYS6855S,zydgjv@gmail.com
924,Simran,-5.0,25222.0,17DoBl98p3,ouhaok@gmail.com
925,Karan,130.0,,7EUzrhF4bX,bjseij@gmail.com
926,,-5.0,-10000.0,ueCzCVtbcn,julijf@gmail.com
927,,,,HNOOQ1194K,jaslcb@gmail.com
928,Karan,,-10000.0,ZMMYZ4517C,user@
929,Rohit,-5.0,47697.0,nzIuTxfnkU,pfebwk@gmail.com
930,Priya,,,tXy3xXrjFR,abc@
931,Rohit,,67633.0,FNGJX3641S,zvuxjs@gmail.com
932,Rahul,41.0,,SAGCV6574Y,zclcgh@gmail.com
933,Neha,,41114.0,UXXNF7141U,ssonst@gmail.com
934,Rohit,-5.0,-10000.0,FcnUfQXFuW,user@
935,Neha,15.0,,XNDLD2060M,abc@
936,Priya,130.0,54424.0,EMHBF9518C,ukvcov@gmail.com
937,Simran,,62853.0,PtpLaCXDcd,
938,Priya,,-10000.0,RjpilOGO4c,nzgmgj@gmail.com
939,Rahul,86.0,-10000.0,Lvs2XMTPGT,user@
940,Anjali,,95875.0,rbuf6aqfx3,user@
941,Aman,,-10000.0,DDKVH4470P,trkeio@gmail.com
942,Neha,,89460.0,NVUHE5650A,pkxedw@gmail.com
943,Priya,,,NVSUznbuiH,mkbdfg@gmail.com
944,Neha,-5.0,-10000.0,NCOGV5096W,bqyzot@gmail.com
945,Neha,,42119.0,THWRA2648N,borwis@gmail.com
946,Rohit,130.0,78509.0,DCESU0826D,tsilre@gmail.com
947,Simran,,98176.0,E9arcdTbjZ,xywvik@gmail.com
948,Karan,88.0,59951.0,KJYOK6388N,opvbgc@gmail.com
949,Rohit,130.0,-10000.0,SROFQ6829N,megvkl@gmail.com
950,,-5.0,,tHcchIdg6C,hjglib@gmail.com
951,Aman,91.0,59337.0,W82uFoYVi7,paxawy@gmail.com
952,Simran,-5.0,,sSCvLPmf6R,
953,Neha,,,TMYWJ5004J,abc@
954,Rohit,130.0,49005.0,DWcZDHtxft,tpjxlk@gmail.com
955,Aman,130.0,-10000.0,NO0YVKYnF6,user@
956,Aman,130.0,,AICQZ3195I,qfvumi@gmail.com
957,Neha,65.0,-10000.0,FEZOP7774C,abc@
958,,,82850.0,EmUjIjXPHY,ildvir@gmail.com
959,Rahul,,-10000.0,t4cWqb2hLK,ejmvws@gmail.com
960,Rohit,92.0,44246.0,wik7HJbMjt,test@gmail
961,Priya,52.0,-10000.0,lr5fKo41GS,jicnho@gmail.com
962,Rohit,130.0,,jpyHHuMIKD,jexitp@gmail.com
963,Rahul,,38702.0,6O7COPhZen,xodhnj@gmail.com
964,,,-10000.0,UyKVwRgCjK,czmgyt@gmail.com
965,,-5.0,-10000.0,MOMDH3316M,abc@
966,Karan,43.0,,QsdFwXXunz,edofak@gmail.com
967,Priya,-5.0,-10000.0,szNidoX3WR,dyndnu@gmail.com
968,Rahul,23.0,-10000.0,Ol06ndaNG1,ltjhko@gmail.com
969,Simran,,-10000.0,BPCIU5895R,user@
970,Simran,46.0,,IFUBQ1835F,iucghj@gmail.com
971,Karan,-5.0,92212.0,JADQC1875E,user@
972,Rohit,,-10000.0,uMs6pxSVDg,
973,Anjali,,-10000.0,9zpCzEq9hf,test@gmail
974,Aman,-5.0,-10000.0,83fX9CmQov,
975,Anjali,77.0,-10000.0,NNYQE1457C,rkxxri@gmail.com
976,Simran,42.0,70568.0,SQSRI0048I,test@gmail
977,Rohit,130.0,76093.0,ZEPHE3231V,ccwqcg@gmail.com
978,,,40036.0,gqmtdILkkI,test@gmail
979,Anjali,72.0,-10000.0,IOZWV3669D,
980,,-5.0,66450.0,tSnDAC0gLo,user@
981,,,98251.0,OVVQR2744Q,ufhnqy@gmail.com
982,Aman,-5.0,63663.0,6nTajMY7b1,test@gmail
983,,72.0,-10000.0,LTQCU2711S,tkqnrz@gmail.com
984,Aman,-5.0,-10000.0,6zKfVtb2xf,
985,Aman,130.0,65958.0,UAtIbty30R,soqohx@gmail.com
986,Rahul,-5.0,,DBJVO7766B,user@
987,Neha,130.0,,UJMNT0121C,abc@
988,Rohit,,,3b2P9BQkIv,fawhig@gmail.com
989,Anjali,89.0,-10000.0,GOPEX5047N,
990,Karan,130.0,42837.0,8hj3Flvsec,
991,Anjali,-5.0,98842.0,PXOQY7152G,user@
992,Rohit,90.0,85719.0,MNUJO0751P,
993,Priya,130.0,56409.0,EJ1YTZ2ADu,cnxods@gmail.com
994,,130.0,-10000.0,o2Q6ll8Trz,ajtifp@gmail.com
995,,-5.0,68948.0,IHCh054OMS,
996,Rahul,70.0,-10000.0,EJEUL2261W,
997,Karan,,48344.0,HrGtuyrfCW,bjalcz@gmail.com
998,Neha,130.0,,WYNCU2502L,opbqwv@gmail.com
999,Anjali,,-10000.0,ZAJGJ5937R,acrdmx@gmail.com
1000,Neha,-5.0,,3rrJvlOtLh,yngjsr@gmail.com
1001,Priya,70.0,-10000.0,FDHIR5089K,yvapun@gmail.com
1002,Rahul,-5.0,-10000.0,ZVDUM3463I,uwnhvs@gmail.com
1003,Simran,-5.0,,TMQEI1733O,pdbkqi@gmail.com
1004,Neha,17.0,94880.0,RYDDX9606W,abc@
1005,Aman,-5.0,,dSzuxe08wN,fsihoo@gmail.com
1006,Anjali,130.0,-10000.0,CVHQY0716N,user@
1007,Rahul,88.0,-10000.0,AKQDD4567X,
1008,Simran,,,mUx7CFx9l9,zigetb@gmail.com
1009,Priya,-5.0,-10000.0,OKBDF1609N,mlaovi@gmail.com
1010,Rahul,130.0,,lFeLkXhavn,user@
1011,Simran,,-10000.0,IRZOJ1929R,aofvdt@gmail.com
1012,Priya,130.0,53025.0,CZZMY8650V,cdrvob@gmail.com
1013,Anjali,130.0,-10000.0,NMEQE6029Y,lphzaw@gmail.com
1014,Rahul,,32487.0,5fSHUso1Hp,xyrypm@gmail.com
1015,Rohit,130.0,,74ud66TBoI,test@gmail
1016,Karan,,82932.0,D6F3JIvlKx,
1017,Neha,-5.0,,RfxWp4Iduy,test@gmail
1018,,130.0,,KJQCV6612R,user@
1019,Priya,130.0,,vwi5UoQP8o,abc@
1020,,,31653.0,YTMQQ1043Q,butnva@gmail.com
1021,Neha,130.0,27641.0,OVUWP9492E,pkwuyz@gmail.com
1022,Aman,-5.0,65361.0,YHELM8050X,gvswfp@gmail.com
1023,Karan,40.0,50934.0,XGUMnJBebn,iaiiuc@gmail.com
1024,Priya,,-10000.0,EDESC4383B,user@
1025,Neha,,-10000.0,BNTAD2189X,mmperq@gmail.com
1026,Anjali,,,5g0wn53vMR,pwntuv@gmail.com
1027,Rahul,,-10000.0,SSQQY2979A,ufehmn@gmail.com
1028,Karan,-5.0,-10000.0,BRMXE5062O,user@
1029,Rahul,89.0,23245.0,XLLPC6835G,test@gmail
1030,Priya,92.0,,F4VHRPPwg9,baeokz@gmail.com
1031,Karan,,,qjZUczsfVI,abc@
1032,Simran,23.0,-10000.0,TBRBZ9951F,abc@
1033,Simran,99.0,,4PpvrKtWTQ,ebewez@gmail.com
1034,Rohit,,-10000.0,6i6BzXnG2n,
1035,Rohit,-5.0,,cS4pMg8VOn,abc@
1036,Rohit,-5.0,47818.0,0Yr2kEfK7e,keskua@gmail.com
1037,Rahul,45.0,,lY5bbCnHFS,user@
1038,Rahul,,,XEIWU8919S,test@gmail
1039,Karan,130.0,81676.0,0mJmTEbI1V,tpyxed@gmail.com
1040,Simran,50.0,,gxWGrYWWQI,test@gmail
1041,Simran,130.0,41171.0,QYGAKfdnmV,
1042,Simran,,-10000.0,tRPf1FsJzB,guqpcg@gmail.com
1043,Karan,92.0,71188.0,LtB6Pse7Ou,gpnbue@gmail.com
1044,Rohit,31.0,,I9oGFqeCMf,nbhmqp@gmail.com
1045,Rahul,-5.0,-10000.0,fho1M1kXd3,user@
1046,Aman,130.0,-10000.0,DBMMO3543J,
1047,Anjali,130.0,58420.0,DQRLV3230J,test@gmail
1048,Aman,-5.0,51753.0,DVVYY2775X,gdxpwb@gmail.com
1049,Neha,18.0,,FUXLW6341T,user@
1050,Priya,-5.0,,HISJE2911D,abxuye@gmail.com
1051,Priya,-5.0,,DFOQB8542L,ecwtfc@gmail.com
1052,Rohit,-5.0,,Y6qWYq94lD,
1053,Rohit,130.0,91201.0,YQZmhv1Qnp,gewyuw@gmail.com
1054,Priya,,69822.0,NGNTC1731W,twgply@gmail.com
1055,Karan,36.0,-10000.0,FDkNIKNEXW,zkxgua@gmail.com
1056,Rahul,130.0,32932.0,UFLPN4422Y,zbrufy@gmail.com
1057,Anjali,130.0,55780.0,0GSWWPsuaK,zrzyuy@gmail.com
1058,Simran,,,VFOVO5002G,rkjban@gmail.com
1059,Rohit,39.0,,xEWbtujyBU,abc@
1060,Aman,1.0,,DGQAO7082M,abc@
1061,Simran,130.0,-10000.0,VCVDR6422F,
1062,Rohit,130.0,-10000.0,nTemu5l8Dv,esmiwn@gmail.com
1063,,130.0,,IiAr24HfTO,usdoim@gmail.com
1064,,-5.0,88467.0,WekKRAxeZ4,ejnbuh@gmail.com
1065,Karan,-5.0,-10000.0,XYBFT2278B,qhmnav@gmail.com
1066,Karan,130.0,94257.0,GKBZW3423Q,dgromz@gmail.com
1067,Neha,58.0,,dsUCjS6Wo8,qgdhwt@gmail.com
1068,Karan,48.0,,wk9TqKLmKS,test@gmail
1069,Rahul,130.0,,5wUwh3fW56,abc@
1070,Rahul,,-10000.0,PNIYI1489W,abc@
1071,Simran,,95676.0,caRbM18hMp,test@gmail
1072,Anjali,,,TLIUJ3986Y,test@gmail
1073,,79.0,34547.0,nP08hrICrt,phoegh@gmail.com
1074,Neha,130.0,,2PocsBXYTF,abc@
1075,Karan,130.0,-10000.0,wCZyB5J8Lo,xpceki@gmail.com
1076,Karan,20.0,,FRKHC3592L,jtsrqv@gmail.com
1077,Rahul,4.0,-10000.0,VWXZR5584W,yxdlys@gmail.com
1078,Priya,,98389.0,4Ii87Sga2L,lnnohk@gmail.com
1079,Priya,23.0,,WAlck8fKfb,arijqv@gmail.com
1080,Karan,,64180.0,vksiiE6fNs,test@gmail
1081,Anjali,130.0,,ZMIHE6631E,hnhzus@gmail.com
1082,Neha,130.0,-10000.0,xqPwregkTS,abc@
1083,,-5.0,-10000.0,GNSIO7449R,tpeezb@gmail.com
1084,Priya,78.0,29372.0,s3akFQ3tc1,bdvigb@gmail.com
1085,,,52747.0,oRX6nSNEGG,sypmhz@gmail.com
1086,Rahul,-5.0,,IGbQpByZtG,thydhq@gmail.com
1087,,44.0,-10000.0,lSXZ26WTMt,ktprzw@gmail.com
1088,Rohit,-5.0,,j4QsN8XIg6,abc@
1089,Simran,,-10000.0,JTiG5UMhRI,
1090,Priya,97.0,-10000.0,MrPx4t3YYd,test@gmail
1091,,14.0,,f1bEM3qs05,mrrayd@gmail.com
1092,Karan,,-10000.0,fQ1oLmBATB,
1093,Priya,,-10000.0,FNUOD9154O,abc@
1094,Rohit,130.0,61483.0,NCRQV8085N,user@
1095,Rohit,,,UwboIQNxdo,opdmhx@gmail.com
1096,Karan,-5.0,-10000.0,IEBGE2694J,test@gmail
1097,Anjali,,-10000.0,z1knmAX0Y9,clbyge@gmail.com
1098,Priya,130.0,-10000.0,DGFRM6708R,abc@
1099,Simran,,,HSCUY7290S,abc@
1100,,,-10000.0,QNEOP6740K,efdcll@gmail.com
1101,Rahul,,,ADCVK6516Z,obksep@gmail.com
1102,Neha,-5.0,,DRRLV1299R,tdzjlf@gmail.com
1103,Neha,-5.0,,RPJWH8100W,user@
1104,Priya,130.0,79815.0,oF6gUObtA1,jiwiac@gmail.com
1105,,,91039.0,KKDIA0396K,xhepie@gmail.com
1106,Karan,-5.0,70944.0,JYOPS3433C,test@gmail
1107,Karan,,,5fKOf6vjUl,dybcoj@gmail.com
1108,Anjali,130.0,,MNWUU0202B,abc@
1109,Rahul,130.0,44906.0,MEBJE4911V,bsvyps@gmail.com
1110,Rahul,-5.0,,Ox3EtTBfms,
1111,Rahul,,,AZVQE4852S,test@gmail
1112,Priya,,-10000.0,iE44sl2oQQ,user@
1113,Aman,130.0,-10000.0,VPOMU3296R,test@gmail
1114,Rahul,130.0,86999.0,TMt3jTUzmw,hpaxil@gmail.com
1115,Rohit,-5.0,-10000.0,DLXTT7273M,pgbgzc@gmail.com
1116,,,-10000.0,Zugqwn7PvK,abc@
1117,Karan,,,TUVLX3015C,test@gmail
1118,,130.0,,RN1ncQXqwD,user@
1119,Neha,130.0,27525.0,qdLKmFrSiz,mwojsr@gmail.com
1120,Aman,,36884.0,inzFyHTFk7,
1121,Neha,25.0,,SUHTW8187P,aruect@gmail.com
1122,Anjali,18.0,-10000.0,GWZCW1740F,rgwmkc@gmail.com
1123,Anjali,,47598.0,VZDXI5200K,betdgp@gmail.com
1124,Karan,,83638.0,cZS8aCeuZR,cazmxt@gmail.com
1125,Neha,,-10000.0,Bs7zbzmbXw,ribenc@gmail.com
1126,Aman,,38376.0,JQ4X0uaoA9,
1127,Rahul,-5.0,,VMZDE9966F,user@
1128,Anjali,,-10000.0,HAEEN6533X,gxpegq@gmail.com
1129,Rahul,-5.0,33885.0,RLzOTv5seO,xdwdol@gmail.com
1130,Aman,88.0,24079.0,KRNPG5672O,hrralf@gmail.com
1131,Aman,-5.0,-10000.0,SUMTE1211N,
1132,Aman,130.0,,AINLV8678Q,
1133,Rohit,,52321.0,MYMMP3109N,jtmbxd@gmail.com
1134,Rahul,80.0,53526.0,7Pfd3G2Kf2,bsylis@gmail.com
1135,Rahul,130.0,-10000.0,1lMVsN8wdw,awmlfc@gmail.com
1136,Neha,130.0,44998.0,NHZTV0126R,abc@
1137,Aman,37.0,99697.0,qwU6HZXhjM,qmpfrt@gmail.com
1138,Anjali,,31940.0,QCRDK1645C,
1139,Aman,130.0,99216.0,FPUCE9742L,hrnhzd@gmail.com
1140,Neha,130.0,-10000.0,Zk8OZfnXyA,loptyo@gmail.com
1141,Rahul,47.0,-10000.0,2i2yWU5OCL,qhfdqs@gmail.com
1142,Anjali,32.0,60063.0,FXTCE7232G,lmbzyu@gmail.com
1143,,,-10000.0,Z0Dv2nBzsv,xaoisl@gmail.com
1144,Karan,-5.0,20760.0,z9TpMcDrvg,
1145,Neha,130.0,29517.0,D3pG2XesTe,mvfzln@gmail.com
1146,Rohit,-5.0,38717.0,itCLQ0XX0t,teakbv@gmail.com
1147,,2.0,-10000.0,2dY9zxKkja,boyyql@gmail.com
1148,Rohit,-5.0,36258.0,qm4LmJJnFT,zuzbmk@gmail.com
1149,Simran,-5.0,-10000.0,JNVFA5831E,pgqlaj@gmail.com
1150,Anjali,57.0,,WWBFH6001B,zmikjg@gmail.com
1151,Anjali,130.0,49196.0,XHkZC452eb,uksueg@gmail.com
1152,Rahul,-5.0,,JUMLQ2874F,test@gmail
1153,Karan,130.0,,ZOTFK4485K,
1154,Rohit,,-10000.0,HNDTJ1264V,sxlpno@gmail.com
1155,Rohit,130.0,-10000.0,VBGTC5014M,sznovq@gmail.com
1156,Karan,130.0,,UhwM8Vmi0A,buqmrq@gmail.com
1157,Karan,,-10000.0,WPUAY5838A,leoumz@gmail.com
1158,Anjali,-5.0,,JKBUC6785T,letzsv@gmail.com
1159,Rohit,,-10000.0,ARZQG5098N,onkboz@gmail.com
1160,Rohit,,49519.0,Zy68bKFh6o,
1161,Aman,-5.0,30739.0,733kQElFbK,abc@
1162,Anjali,-5.0,,MDYAX5422G,test@gmail
1163,Karan,130.0,,XIGWA6983M,user@
1164,Anjali,130.0,65577.0,FWXCA0517C,pbxfvb@gmail.com
1165,Anjali,31.0,,C7VFS0crOt,xkoumh@gmail.com
1166,Rahul,-5.0,,FLgdLeSxU5,cknngn@gmail.com
1167,Karan,,-10000.0,m37EEBCjTx,test@gmail
1168,,39.0,-10000.0,Rovipl9dJT,test@gmail
1169,Aman,130.0,,W1jjmEDrGM,xggfla@gmail.com
1170,Neha,-5.0,,jdwZjYWwg8,abc@
1171,Simran,-5.0,,VElyfAZvJi,user@
1172,,77.0,99323.0,FteY7k74Vp,
1173,Rahul,59.0,,DPBXV6738G,test@gmail
1174,Neha,,73517.0,m2RwqCg648,
1175,Rohit,45.0,,EZPTE0528T,wldfeh@gmail.com
1176,Rahul,-5.0,,sRQnAVQlCA,user@
1177,,27.0,92318.0,EOCHI3831U,abc@
1178,,,,ZtoTvxyg56,tjssna@gmail.com
1179,Rohit,7.0,,AztzV1VVTM,
1180,Anjali,30.0,34354.0,YFNFF9309H,eswkrs@gmail.com
1181,Aman,61.0,-10000.0,CKPGM0882L,user@
1182,Priya,76.0,51351.0,KSRXO9711B,lomuqj@gmail.com
1183,Rahul,130.0,,NHzFTXvusF,bykrim@gmail.com
1184,Karan,59.0,-10000.0,JkqmNwWxGH,fpmxho@gmail.com
1185,Simran,130.0,,KBMAL8115Z,test@gmail
1186,Neha,-5.0,-10000.0,BCJXN7286K,yoghjv@gmail.com
1187,Karan,-5.0,42685.0,pw6V2gDldY,amjqye@gmail.com
1188,,86.0,,HIzqZr9S9q,abc@
1189,Anjali,,96508.0,YVZHW9449K,ccfsex@gmail.com
1190,Karan,,,Tf6ecJOApT,user@
1191,,,,QNhSOnQvOj,mpfydl@gmail.com
1192,Priya,,-10000.0,CJCHM2091K,xtmbno@gmail.com
1193,Karan,,,BPTTT4378D,eutusi@gmail.com
1194,,,95306.0,ESUKH9325R,test@gmail
1195,Neha,130.0,36883.0,M5eqZfbtGt,ubqjcs@gmail.com
1196,Priya,130.0,71935.0,CGKKU1166F,oqjhfv@gmail.com
1197,Priya,130.0,70792.0,Z9TVCwNhSO,kwpvfk@gmail.com
1198,Neha,,,cj3mUByAjE,lrufda@gmail.com
1199,Neha,-5.0,-10000.0,JSPPP0955G,nrsodl@gmail.com
1200,Priya,-5.0,-10000.0,0oBC8KSrnI,user@
1201,Rahul,20.0,,EKVHR8296T,ebulxh@gmail.com
1202,,,-10000.0,GFBGE2651E,hvyiwb@gmail.com
1203,Anjali,-5.0,-10000.0,YOSBN5816J,test@gmail
1204,Priya,-5.0,91737.0,KOQDC6524W,gjegyw@gmail.com
1205,Anjali,-5.0,,Eh1bgCGSJr,
1206,Neha,,-10000.0,KXBVY0617L,test@gmail
1207,Karan,,,FEEIX9617N,szgjgn@gmail.com
1208,,94.0,-10000.0,AO5ItGYyPX,test@gmail
1209,Karan,35.0,,8ao6KbmJ4b,user@
1210,,130.0,,9NZ9CIQiEG,
1211,Neha,,63213.0,UTONB2769E,abc@
1212,Rohit,130.0,-10000.0,nmVJj88R9r,test@gmail
1213,Aman,130.0,72213.0,dnAjPundiy,
1214,Anjali,130.0,28901.0,2CZspoT1JY,afpond@gmail.com
1215,Simran,,81942.0,pkmSx56OZp,mmapnr@gmail.com
1216,Neha,-5.0,38885.0,PYDpMZn0GL,
1217,Rahul,17.0,-10000.0,GWEPZ2528Y,
1218,Aman,93.0,23692.0,ANhpg6GjPT,
1219,Priya,-5.0,,SMoJFV41B4,jgthxn@gmail.com
1220,Simran,44.0,-10000.0,PTITT8061Q,miituh@gmail.com
1221,Anjali,-5.0,,5jtGNSRPrs,
1222,Simran,16.0,,4vw8NeHPGr,user@
1223,Anjali,-5.0,,arMkkT96D0,awfzim@gmail.com
1224,Karan,,29504.0,trOFCxI7Zz,abc@
1225,Rahul,19.0,68383.0,ZXKOR1406O,abc@
1226,Rohit,87.0,27448.0,OOBGA5777S,jfhnlo@gmail.com
1227,Karan,,-10000.0,IWLUA6823L,test@gmail
1228,,-5.0,,SMWXL1621I,jsxnwd@gmail.com
1229,Neha,,,QZFZS5583K,test@gmail
1230,Neha,-5.0,-10000.0,kiJwzuuV2g,
1231,Aman,-5.0,-10000.0,YVIDB6511B,abc@
1232,Karan,25.0,22703.0,4Gc2F6w2xF,
1233,Neha,-5.0,23856.0,ODHXI4569N,user@
1234,,99.0,,TRbfg9OL2H,pgnjre@gmail.com
1235,Neha,130.0,-10000.0,ioiSUWSxEA,qgtmwn@gmail.com
1236,,-5.0,,BDBGG4566G,pigjai@gmail.com
1237,Neha,-5.0,-10000.0,EOMII8834T,ptccfm@gmail.com
1238,Rahul,16.0,,NUTQA6123T,abc@
1239,Anjali,,,NCSSL5918C,nnkvwo@gmail.com
1240,,,-10000.0,PPSBR1445B,user@
1241,Karan,39.0,59850.0,XTMWC0332S,jxlgbl@gmail.com
1242,Aman,130.0,73794.0,QQADE3786D,user@
1243,Rohit,,80836.0,FWOQ5Uh0ya,gcnrah@gmail.com
1244,Anjali,130.0,40159.0,Td4O4Fmxrn,abc@
1245,Anjali,92.0,20996.0,BITqyF0ajD,user@
1246,Anjali,94.0,-10000.0,uIHsvMEXXE,hfjsbm@gmail.com
1247,,,,MYMLA1294K,qkmaaw@gmail.com
1248,Priya,130.0,-10000.0,0wSGbf1RB9,test@gmail
1249,Neha,130.0,-10000.0,mj9tS4A6o5,
1250,,,38356.0,TodTGa9YMt,test@gmail
1251,Neha,-5.0,-10000.0,WALQO3435H,ytvuvf@gmail.com
1252,Simran,130.0,85919.0,OZCCM1560L,rpooqg@gmail.com
1253,,130.0,63344.0,z1bczpK8gq,user@
1254,Neha,-5.0,36968.0,M8ceX9VyIy,krafem@gmail.com
1255,Rahul,,24571.0,zHWEIr2PIC,sfwlzx@gmail.com
1256,,,,zh3oyIFRvS,user@
1257,Karan,6.0,-10000.0,no50h6ndbS,kqoveh@gmail.com
1258,Priya,99.0,-10000.0,zpihrHSxkP,rewmzx@gmail.com
1259,Anjali,12.0,,EZHIF1077L,
1260,Simran,130.0,,54asRDS8jX,llxmaw@gmail.com
1261,Karan,130.0,,ke4F3Ees9o,lmehsl@gmail.com
1262,Priya,130.0,,4Xz3F0sbjY,srkbvr@gmail.com
1263,Rohit,-5.0,-10000.0,GhmmBt03dL,test@gmail
1264,Priya,130.0,-10000.0,CKTCL5313O,user@
1265,Anjali,130.0,38561.0,BJFLB1257I,tatsfo@gmail.com
1266,Neha,-5.0,-10000.0,HEBBF0756L,fcwbgt@gmail.com
1267,Rahul,130.0,-10000.0,RNCIO4773G,abc@
1268,Anjali,,,0fK1Jo5YHE,qugsve@gmail.com
1269,Neha,88.0,,06lbNS8hR0,user@
1270,Karan,-5.0,91924.0,Xr6R8SYGEp,user@
1271,Priya,55.0,34897.0,EkmP68MBCX,yhjcaj@gmail.com
1272,Neha,130.0,-10000.0,ET5b56GJkV,abc@
1273,,130.0,-10000.0,NYrhRGunls,abc@
1274,Karan,-5.0,38603.0,WfoYTOFDQZ,lelclo@gmail.com
1275,Karan,130.0,41353.0,EIRAZ5875S,zhvjbf@gmail.com
1276,Aman,-5.0,,KXHIN0151L,yxsogt@gmail.com
1277,Rohit,36.0,44930.0,KYXCX2930I,qhnxkm@gmail.com
1278,Neha,130.0,,c3yAPfMXa4,
1279,Aman,24.0,-10000.0,kLpxjlbTwl,merrhj@gmail.com
1280,Anjali,12.0,63391.0,FT0qmSSghQ,abc@
1281,Karan,45.0,,FZruwKHwbv,
1282,Neha,130.0,,INEFL5404N,abc@
1283,Priya,,,MGABF9704U,qtflqf@gmail.com
1284,,130.0,42395.0,VAIMM4302R,dbmolb@gmail.com
1285,Karan,40.0,-10000.0,wqrdkHv0p6,test@gmail
1286,Rahul,-5.0,-10000.0,QGTTH0173R,wxlimk@gmail.com
1287,Karan,,-10000.0,GVTJR0076R,teyeyt@gmail.com
1288,Rahul,35.0,98014.0,MoVOysLk99,
1289,Simran,-5.0,,KPLCX0769S,
1290,Neha,-5.0,-10000.0,CGSFJ2667D,ydbecq@gmail.com
1291,,-5.0,38516.0,sFmycNyzpa,abc@
1292,Anjali,-5.0,,4HZ8HitPIB,abc@
1293,,,,CEKCF1896K,vmptoj@gmail.com
1294,Rohit,,-10000.0,TFYKD5480X,dlheus@gmail.com
1295,Anjali,-5.0,61849.0,XCLmSbefl2,abc@
1296,Karan,93.0,,YIdOFkgOWQ,abc@
1297,Anjali,-5.0,76995.0,LcqYQk4lVj,test@gmail
1298,,,,MEALR6813H,abc@
1299,Aman,-5.0,29287.0,XsZE8yeUZ7,lyntli@gmail.com
1300,Rohit,-5.0,,OGMPT2429U,vaxyyi@gmail.com
1301,Aman,84.0,,7r23r9v8TS,tatwzt@gmail.com
1302,,31.0,,YHECA5943V,
1303,Anjali,19.0,72359.0,OGNON8884F,test@gmail
1304,,130.0,,HJUUI4894A,
1305,Rohit,34.0,-10000.0,OuPbdD5vzK,hqyghh@gmail.com
1306,Karan,-5.0,83400.0,LCMVB6606E,dabihy@gmail.com
1307,Rohit,-5.0,,dNXjjkFIta,xftnbo@gmail.com
1308,Rahul,,44501.0,EYGWV3781B,gzzrbs@gmail.com
1309,Anjali,-5.0,61037.0,z4OuXZRlYM,tcpxec@gmail.com
1310,Aman,60.0,-10000.0,hgWsJ2OcPl,abc@
1311,Aman,130.0,-10000.0,ZQDYF1489D,tgxnwl@gmail.com
1312,,100.0,-10000.0,7rjG7aUmpp,test@gmail
1313,Anjali,,22052.0,Segm0FtsZn,user@
1314,Simran,,44189.0,eyiYduhUhR,avewae@gmail.com
1315,Rahul,72.0,-10000.0,RUMIPNybjf,
1316,Aman,130.0,-10000.0,UOCSJ9850Q,wtvpwr@gmail.com
1317,,130.0,,u2C5UfpcFX,pkvdmm@gmail.com
1318,Karan,130.0,-10000.0,kM0y3BA4HB,abc@
1319,Neha,,,MDIAG4899H,
1320,Rahul,,,NPHGX8958R,cvelqk@gmail.com
1321,Neha,130.0,,LVLCR3236F,wcmdam@gmail.com
1322,Rahul,-5.0,,EYBMQ2688N,
1323,Aman,15.0,-10000.0,aqEREv51pd,dusoae@gmail.com
1324,Aman,95.0,-10000.0,1fSCDJCCtb,test@gmail
1325,Rahul,130.0,25231.0,FDBZS0057U,
1326,Rohit,-5.0,86323.0,NZFFK5517K,ttcbxf@gmail.com
1327,,,28505.0,f0aFv4AYYx,test@gmail
1328,Simran,-5.0,31171.0,VKCGO6722Z,abc@
1329,Neha,,94580.0,Zu9AZGOe05,abc@
1330,Rahul,,-10000.0,BKOOY3540X,abc@
1331,,18.0,,4pFGXX2Kks,svnnyt@gmail.com
1332,Aman,57.0,92474.0,vyY8JAMAkx,test@gmail
1333,Priya,-5.0,,Hq1dqVqklN,jtuodg@gmail.com
1334,Karan,-5.0,-10000.0,XPYKZ6965W,hcpvjl@gmail.com
1335,Karan,22.0,,yaknKfB2hA,btnmif@gmail.com
1336,Priya,130.0,-10000.0,MPNHK8520H,twnojs@gmail.com
1337,Neha,,-10000.0,IBXWN8689P,efyjvs@gmail.com
1338,Priya,19.0,-10000.0,BEZGH7889F,abc@
1339,Karan,130.0,,NECNN5729O,
1340,Rohit,-5.0,,NHddpslHae,gnloqe@gmail.com
1341,Rahul,,,VNQAI4680Y,qindbq@gmail.com
1342,,10.0,-10000.0,x2KJ2YpSTp,kggasw@gmail.com
1343,Aman,130.0,,gTT8YEsoMx,user@
1344,Karan,,-10000.0,UVUAE7439J,fsaive@gmail.com
1345,Simran,130.0,81854.0,09z4CovCcE,ovvkea@gmail.com
1346,Anjali,,,FBJRM7746R,
1347,Rohit,-5.0,44920.0,HEODJ4709J,wfozld@gmail.com
1348,Neha,,49941.0,3qJnnP2txZ,test@gmail
1349,Rahul,,,ZBwNejrRhW,
1350,Priya,-5.0,47162.0,TIQBD0591S,qhrsis@gmail.com
1351,Aman,67.0,69242.0,pk3e5MRx1D,test@gmail
1352,Priya,-5.0,,GMKLD9890Q,ikvpgc@gmail.com
1353,Aman,86.0,,ahxk1ZiImV,uqvgrb@gmail.com
1354,Rohit,35.0,-10000.0,kmOtl4o404,kxhhau@gmail.com
1355,Karan,-5.0,33332.0,5pjWLSjiSA,jwgknh@gmail.com
1356,Simran,130.0,,VIBHU4819Q,cpgkwx@gmail.com
1357,Rohit,34.0,67518.0,i29YOnem8o,qbaxgu@gmail.com
1358,Priya,23.0,-10000.0,6m0ZYmjHj3,mbdvaj@gmail.com
1359,Karan,100.0,20356.0,IfHUfIWF9F,ofaase@gmail.com
1360,Aman,130.0,62058.0,oYWjDkKOV6,bruqod@gmail.com
1361,Aman,48.0,41542.0,w5sn1KWPr5,
1362,Neha,130.0,64701.0,NAPKW9101Y,rgngnr@gmail.com
1363,Simran,,-10000.0,iUctXwUB0G,godvhb@gmail.com
1364,Karan,,,DSNAL2586D,abc@
1365,Anjali,,50210.0,AexNNvxiZQ,qtovnw@gmail.com
1366,Aman,62.0,-10000.0,NVXWQ5967S,
1367,Rohit,,-10000.0,he2LCZEnhC,test@gmail
1368,Priya,130.0,59153.0,sek7zI2dtY,test@gmail
1369,Neha,-5.0,47658.0,0PhTeyAXS8,lfkjhv@gmail.com
1370,Karan,26.0,-10000.0,FPCXZ4775E,
1371,Karan,-5.0,-10000.0,SaRf8wXo9S,rjulez@gmail.com
1372,Neha,,,DGPHL7700G,pklawu@gmail.com
1373,Simran,,-10000.0,cK371p8Ebp,test@gmail
1374,Aman,130.0,30729.0,VRLUX7812Q,jaiwvh@gmail.com
1375,Priya,-5.0,62331.0,Nz44ObTioz,uculvn@gmail.com
1376,Rohit,130.0,-10000.0,10ZoR75aMa,
1377,Karan,,31255.0,vByGeYbkS6,fmrlgq@gmail.com
1378,Rahul,,91472.0,gVRURFwwUC,zllubu@gmail.com
1379,Aman,,81547.0,PBVTO9323K,xakpoi@gmail.com
1380,Aman,130.0,,VUYLO3454H,test@gmail
1381,Anjali,130.0,47338.0,DAYLF8438B,veofhm@gmail.com
1382,Neha,-5.0,59396.0,ZEZYL3876M,user@
1383,Priya,-5.0,80957.0,MpiMNaRd3B,abc@
1384,,,-10000.0,ZUFXA7863F,abc@
1385,Anjali,17.0,-10000.0,5Jl4Psf1fh,test@gmail
1386,Karan,,-10000.0,CLpWuIjDAk,user@
1387,Priya,,-10000.0,UGLDY8478P,avgdtk@gmail.com
1388,Simran,,-10000.0,dT8stT5GqR,
1389,Aman,,-10000.0,zLWoiTheMc,test@gmail
1390,Simran,,,1TAd5kPSVh,abc@
1391,Simran,130.0,,yAiVgU8buz,cfiedy@gmail.com
1392,Aman,-5.0,45404.0,NRBxAiBfkN,vwdkyg@gmail.com
1393,Neha,130.0,,ws9QTDlU6W,test@gmail
1394,Neha,130.0,-10000.0,BUKGY2376A,abc@
1395,Priya,,-10000.0,XUNLG3151C,user@
1396,Neha,130.0,-10000.0,CTkm0awV56,hnitko@gmail.com
1397,Neha,27.0,-10000.0,EuUXnWnHev,
1398,Simran,,-10000.0,3JyMJE93D1,
1399,Neha,-5.0,-10000.0,ESJWW2746X,user@
1400,Priya,-5.0,,MOQUdt2U8Q,user@
1401,Anjali,130.0,,KzrrrjC3ds,ignaol@gmail.com
1402,,93.0,-10000.0,fTmmJ3NTte,rldsct@gmail.com
1403,Priya,29.0,,D2QTMGbonr,bylmsi@gmail.com
1404,Aman,,50998.0,Hps2ZB2rDr,ogedxy@gmail.com
1405,Aman,84.0,,5YOjhLXCPf,test@gmail
1406,Anjali,130.0,80281.0,MUBXC2567T,hwxnqw@gmail.com
1407,Rahul,18.0,-10000.0,SOJUF1733E,
1408,,19.0,-10000.0,JHUMI5749H,delzef@gmail.com
1409,Simran,-5.0,87373.0,4VGaav4Dse,aktaeh@gmail.com
1410,Rahul,-5.0,79501.0,RTMLS8385S,lokskp@gmail.com
1411,Simran,,,TUYKB2675B,phvnxd@gmail.com
1412,Aman,,,cTBz463VTH,abc@
1413,Karan,,,Pmb1dQVWng,wdombq@gmail.com
1414,Karan,28.0,-10000.0,FfDtRmp9uJ,test@gmail
1415,Karan,130.0,,rKiUFAGqJJ,test@gmail
1416,Priya,-5.0,,sRPqZfGop6,qzehax@gmail.com
1417,Karan,-5.0,96606.0,yZ5V888AGW,test@gmail
1418,Neha,-5.0,-10000.0,ZMJWU0133G,jazvhd@gmail.com
1419,Rahul,24.0,,CEUUX8134K,ufmbsp@gmail.com
1420,Anjali,-5.0,22425.0,OZWEJ0770R,abc@
1421,Anjali,-5.0,94156.0,L6jQxmjSoa,
1422,Rahul,-5.0,,UHEAW5636T,ghfmao@gmail.com
1423,Anjali,,37827.0,JNHXP8583Y,
1424,Simran,,,UIOKA9196W,ggnxcb@gmail.com
1425,Aman,-5.0,-10000.0,UYMRU6627A,tkdrsz@gmail.com
1426,Rohit,-5.0,,XQSEF0412T,
1427,Neha,-5.0,-10000.0,DYFDO7128X,rbttsq@gmail.com
1428,Rohit,,,Xyf8DJPMLT,
1429,Anjali,,,AEESD8689C,user@
1430,Neha,79.0,28482.0,OYRGR7675T,xeccqe@gmail.com
1431,Aman,130.0,-10000.0,gNKeM008C6,kqjldd@gmail.com
1432,Anjali,130.0,-10000.0,LRJWS6219J,lkyvqf@gmail.com
1433,Priya,-5.0,,QLLIJ4329F,test@gmail
1434,Rohit,-5.0,-10000.0,WYHTY4784I,user@
1435,Rohit,69.0,-10000.0,VBRNL4887S,test@gmail
1436,Neha,-5.0,-10000.0,QGSNM8042K,abc@
1437,Aman,97.0,-10000.0,OVNDY2868N,trgxyj@gmail.com
1438,Anjali,-5.0,-10000.0,GPJAD8963X,zqhncm@gmail.com
1439,Karan,,-10000.0,YJYQG6962B,
1440,Neha,,30467.0,Vgtn68axLn,fmewux@gmail.com
1441,Aman,-5.0,,aOS38lzADf,test@gmail
1442,Priya,,,YYKZK8289R,cnpgju@gmail.com
1443,Priya,72.0,97005.0,EkUbi2mDve,wzshmi@gmail.com
1444,Rohit,130.0,-10000.0,IBQAI1148J,abc@
1445,,65.0,88033.0,boKkeKf5IO,user@
1446,Rohit,,,MUIDH8583F,test@gmail
1447,Karan,34.0,-10000.0,zOW09nd8jb,test@gmail
1448,Anjali,-5.0,-10000.0,4CFWKbKfYp,mbmvoh@gmail.com
1449,Karan,130.0,-10000.0,Tl71yzqMUX,
1450,Neha,,,WGHIP6725U,bpecvz@gmail.com
1451,Priya,130.0,,TJTFD2022M,
1452,Aman,,,MIAOH9036I,user@
1453,Rohit,81.0,,OSANN0188G,jtnjsi@gmail.com
1454,Anjali,80.0,,azqii8lcvy,pveblz@gmail.com
1455,Neha,130.0,,zrtc43hb6T,
1456,Simran,86.0,21118.0,MDAOG1433P,nljttj@gmail.com
1457,Rahul,130.0,28382.0,MFUZS0035F,test@gmail
1458,Aman,-5.0,-10000.0,ATETE8378G,test@gmail
1459,Anjali,78.0,,XADTD3103A,abc@
1460,,-5.0,-10000.0,kjRGUu8F3c,user@
1461,Karan,88.0,,VFAWV5324T,ebxmql@gmail.com
1462,Aman,130.0,,IUOQE4199A,jdsclv@gmail.com
1463,Anjali,94.0,-10000.0,3UwvnKLKt8,test@gmail
1464,Priya,,-10000.0,WQGDC1814N,test@gmail
1465,Rahul,25.0,-10000.0,fGP091wdwW,szeczo@gmail.com
1466,Karan,52.0,-10000.0,DHxwpewHlD,test@gmail
1467,,19.0,,9CDvqdIJDA,user@
1468,Simran,61.0,,NUVGV9183C,user@
1469,Neha,130.0,94400.0,GyjIXTli7T,abc@
1470,Neha,130.0,50037.0,SSLZA6942A,xvhqaj@gmail.com
1471,Neha,-5.0,-10000.0,rLufEjejVb,naexqj@gmail.com
1472,Rohit,,,LHJCL6865G,
1473,Rohit,,68230.0,zYaVVYrKG8,abc@
1474,Simran,130.0,45481.0,oNUwBBrdQ1,gtqwqn@gmail.com
1475,Neha,-5.0,,XIHGS0364X,wiclqd@gmail.com
1476,Karan,17.0,45345.0,Wap5ejtcNp,abc@
1477,Rahul,130.0,-10000.0,LvSEfZrAJz,sfzfqo@gmail.com
1478,Priya,130.0,-10000.0,VQJFI7211D,erymos@gmail.com
1479,Neha,130.0,21890.0,ILVEC8336Y,user@
1480,Rahul,,-10000.0,KBRHD7535X,abc@
1481,,-5.0,-10000.0,b4zPy8fGht,
1482,Simran,130.0,-10000.0,EOBLK6523F,gghqnt@gmail.com
1483,Rohit,-5.0,94600.0,JEIFP8226Z,wrkytw@gmail.com
1484,Priya,59.0,-10000.0,Rat3FTtr3I,jzzlho@gmail.com
1485,Anjali,130.0,31975.0,PJLRW6285Q,wxpbse@gmail.com
1486,Aman,-5.0,,QUFJL8922Y,abc@
1487,Neha,66.0,-10000.0,RP028oJuI6,kbkhrj@gmail.com
1488,Rohit,-5.0,,tvKeKekWox,user@
1489,Priya,-5.0,-10000.0,MXKTB8054Y,pksqbq@gmail.com
1490,Aman,130.0,,YGPJH2287F,bwqnwe@gmail.com
1491,Simran,77.0,,0Vt2Ejxcyj,tzxnsx@gmail.com
1492,Anjali,-5.0,,8euITLA39V,abc@
1493,Rohit,-5.0,28828.0,QazOV0kC75,vypcun@gmail.com
1494,Simran,85.0,45385.0,LFFXK1480B,ixpqng@gmail.com
1495,Aman,130.0,61356.0,YyPqJHnFEw,user@
1496,Aman,27.0,-10000.0,SCBPL8863Z,abc@
1497,Rohit,,,Du3rfUoEWM,qrcmet@gmail.com
1498,Neha,130.0,-10000.0,nVTpwudrpd,dexttm@gmail.com
1499,Anjali,130.0,-10000.0,eDd2WSdgcD,test@gmail
1500,Karan,-5.0,-10000.0,Wk883DO8yJ,
1501,Simran,130.0,-10000.0,OYMDL3183R,user@
1502,Anjali,-5.0,53864.0,RVKJC9672N,zrdkmz@gmail.com
1503,Simran,,-10000.0,sjlzJIRp4q,axuchc@gmail.com
1504,,,-10000.0,EGXMH0882U,
1505,,130.0,-10000.0,CBUGM4193R,test@gmail
1506,Rohit,,-10000.0,AXYSJ5398H,abc@
1507,Priya,,,t9hCJOe0lG,user@
1508,Anjali,,80130.0,YDCYU2895G,pyetvz@gmail.com
1509,Neha,,,5pEaA74Qo2,tgiult@gmail.com
1510,Rahul,60.0,54766.0,SMKRY5608Y,fpjklx@gmail.com
1511,Neha,,,OvsvM7to8i,oeyucq@gmail.com
1512,Karan,-5.0,,zwaQr1DY2k,piaciv@gmail.com
1513,Priya,,,fijyBgaW2Z,
1514,Rohit,130.0,22563.0,NIHGL3363D,test@gmail
1515,Rohit,,-10000.0,FjbC6aiwng,
1516,Simran,93.0,53719.0,HFELT0453V,isvvvz@gmail.com
1517,,-5.0,,ZRZFN4211W,bibupi@gmail.com
1518,Simran,36.0,-10000.0,YJHHH5295G,fncfuz@gmail.com
1519,Rohit,-5.0,90250.0,NWAIH5915S,test@gmail
1520,Priya,-5.0,,NjvdsBasr0,kdmzin@gmail.com
1521,Anjali,77.0,-10000.0,Ebj5Ie4qM8,mkqsxs@gmail.com
1522,Priya,,-10000.0,XZNRV6689K,user@
1523,Priya,2.0,,EQQ6zZeUMk,pgpkuz@gmail.com
1524,Rahul,130.0,,GFlTh8yvjL,hmalxk@gmail.com
1525,Rahul,,-10000.0,pmvrybwnzy,
1526,,-5.0,,C8bIC5cCaX,user@
1527,Priya,130.0,,2qvU3oMsgn,uicmhx@gmail.com
1528,Karan,130.0,-10000.0,cs6QLTorou,
1529,Priya,-5.0,91209.0,JDGLY1734G,abc@
1530,Rahul,130.0,-10000.0,JcsdCi0R0b,abc@
1531,Rohit,-5.0,-10000.0,OGEuHd2Hl6,llnaib@gmail.com
1532,Priya,76.0,88420.0,QYJWG9412F,user@
1533,Anjali,-5.0,-10000.0,9M30skTDLT,xmhoxv@gmail.com
1534,Anjali,130.0,31606.0,7b8mYImPpa,test@gmail
1535,Priya,61.0,-10000.0,EBBOD7980G,
1536,,130.0,80562.0,QPOJZ3224W,user@
1537,Karan,-5.0,-10000.0,IJojySpBHm,user@
1538,Rohit,130.0,-10000.0,WklnUmyFlP,
1539,Rohit,-5.0,,N7jH0Su3NT,test@gmail
1540,,54.0,77841.0,TXCIS5496N,dfhkvb@gmail.com
1541,Neha,-5.0,52565.0,EgKG3MsR58,zhvsck@gmail.com
1542,Anjali,53.0,,EBESX2911X,pvqmlf@gmail.com
1543,Aman,62.0,,Fqp9CQ5dzY,edjvti@gmail.com
1544,Aman,130.0,,JIBAK9258G,
1545,Aman,-5.0,,gaTp5S8HBX,egjnvc@gmail.com
1546,Karan,84.0,-10000.0,DCEWZ8147Q,user@
1547,,-5.0,-10000.0,pQYYgb33Rr,
1548,,,72230.0,KZUYV2895K,vgtgos@gmail.com
1549,Karan,96.0,,vugerAeQxU,abc@
1550,Karan,-5.0,67097.0,9Tm5FcXPpR,user@
1551,Rahul,,,ifyRRoyYeD,
1552,Aman,130.0,,YOKCP0379S,test@gmail
1553,,,-10000.0,Xgx7XnPLBV,guwhly@gmail.com
1554,Rohit,,,pa41EAPht4,kipfuy@gmail.com
1555,Rahul,130.0,,ZLSU8wH4z0,ulfayi@gmail.com
1556,Aman,-5.0,84150.0,AsLFFYVyuf,abc@
1557,Neha,-5.0,,FDBGN4811N,user@
1558,Anjali,-5.0,,TSIBN8249A,jsoorr@gmail.com
1559,Rahul,-5.0,94640.0,R22ju6ysYT,abc@
1560,Neha,-5.0,,AGWAT0211N,bljrob@gmail.com
1561,Rahul,130.0,,VAmYprNM4m,howizg@gmail.com
1562,Simran,38.0,44529.0,612hAa2iCg,mbuxxq@gmail.com
1563,Simran,-5.0,-10000.0,lzugBkdHQb,uscnco@gmail.com
1564,Simran,-5.0,-10000.0,HWSUP7420Q,user@
1565,Neha,,21197.0,ZZQWT1895A,iytnon@gmail.com
1566,Rohit,94.0,89515.0,HXSZJ7175I,abc@
1567,Aman,,25069.0,aLYjn02JbN,
1568,Aman,-5.0,85793.0,4yUgQeTorg,
1569,Neha,-5.0,47823.0,EBHytHunbq,test@gmail
1570,Aman,130.0,-10000.0,KWBSH7738T,
1571,,,,GITVP6225N,ufoniv@gmail.com
1572,Anjali,,,OJVIH1409D,mtzvdz@gmail.com
1573,Rahul,95.0,,RXINR7973V,xtlswk@gmail.com
1574,Karan,130.0,,QFBRO2792B,abc@
1575,Simran,,-10000.0,DCGOZ1643Z,xinmoq@gmail.com
1576,,-5.0,99737.0,SMCPR6623W,test@gmail
1577,Rahul,,,iM9y5ytd3g,abc@
1578,Rahul,-5.0,95997.0,RQAXW8368V,sljuvd@gmail.com
1579,Rahul,-5.0,75053.0,bdEhp5E63S,rnxdmf@gmail.com
1580,Rahul,,20490.0,B24NBzxPDI,vrqxya@gmail.com
1581,,-5.0,-10000.0,PEXWP7638Y,lxzbzz@gmail.com
1582,Simran,5.0,70294.0,SSCHM5743S,ftuslx@gmail.com
1583,Anjali,130.0,75345.0,KJXKI1271X,abc@
1584,Rohit,130.0,,nwzChEPptR,test@gmail
1585,Simran,,,RLCVG0378T,test@gmail
1586,Rahul,,45975.0,PGCVV4960J,test@gmail
1587,Anjali,-5.0,95736.0,ZCVCP2723D,wtrhmi@gmail.com
1588,Priya,130.0,-10000.0,8hRqgdXq8a,jspmzf@gmail.com
1589,,-5.0,42853.0,WFWRQ6180W,dhkdnw@gmail.com
1590,Anjali,130.0,24664.0,MLbVeZJBXL,ucsavi@gmail.com
1591,Simran,130.0,-10000.0,QVQd5fSOmI,jinqzn@gmail.com
1592,,130.0,-10000.0,POZZB8034J,test@gmail
1593,Simran,,90352.0,TmPMe7USxY,diaggw@gmail.com
1594,Karan,,,TAITCtDukN,pvvjwf@gmail.com
1595,Simran,130.0,,gOqoIJLAMD,abc@
1596,Priya,130.0,-10000.0,3Bjd2w0DEY,jblcno@gmail.com
1597,,130.0,,SGCLA1211Q,abc@
1598,Aman,-5.0,,gcFfIgEKkK,vwiieg@gmail.com
1599,Rahul,,-10000.0,ZUTFB3996O,abc@
1600,Anjali,64.0,-10000.0,8k9oRqLFSE,ocajru@gmail.com
1601,Anjali,130.0,54505.0,pmtehtB1Lu,test@gmail
1602,,,-10000.0,UYEXS8929F,abc@
1603,,130.0,-10000.0,cXvewGaKJY,abc@
1604,Karan,130.0,-10000.0,tJaGhP68yY,abc@
1605,Karan,-5.0,33857.0,UgpyqNYsyo,test@gmail
1606,Neha,,-10000.0,WQ343dkGgv,itsnnm@gmail.com
1607,Anjali,130.0,,VSRIT0137J,
1608,,1.0,-10000.0,HYUTY5693G,user@
1609,Rohit,130.0,,LTIZI2377M,jdnqvy@gmail.com
1610,Anjali,-5.0,-10000.0,3Q5pUCfFMf,uzwtvx@gmail.com
1611,Karan,,,XNGZN4144H,rowccs@gmail.com
1612,Karan,,92543.0,TIODB0637O,test@gmail
1613,,-5.0,,kDGc7Q4hiS,qxukyg@gmail.com
1614,Rohit,130.0,-10000.0,MPQTD5947X,
1615,Aman,,,MENFB5002L,test@gmail
1616,Karan,-5.0,,OI0sK47qP8,abc@
1617,Aman,,,MGT7S8ON9T,vpylan@gmail.com
1618,Rohit,130.0,-10000.0,I1MRd9JVMd,flezpe@gmail.com
1619,Simran,-5.0,-10000.0,NXMOG1503K,zusxwf@gmail.com
1620,Rahul,-5.0,-10000.0,RORGR1203M,hgqrfn@gmail.com
1621,,,20595.0,OVAKB4936R,
1622,Neha,-5.0,,MavLR6T8JI,jmxqbm@gmail.com
1623,,93.0,,UOKLC1625C,rnfouq@gmail.com
1624,Rohit,,,TNJBX1615B,tpqyok@gmail.com
1625,,,,7DAJkospxX,abc@
1626,Simran,130.0,28414.0,FzYLTM0AdT,
1627,Karan,130.0,23735.0,JNPBK4132S,adnhmu@gmail.com
1628,Neha,130.0,,xPVWpyVAWt,
1629,Rahul,130.0,,y2IJBL6Xv0,hdomgv@gmail.com
1630,,,-10000.0,z6c2BYTCpt,thwvvx@gmail.com
1631,Aman,,,YTOED2115C,lhljzk@gmail.com
1632,Rahul,-5.0,,CTOHM4931V,test@gmail
1633,Simran,47.0,29447.0,PLUDZ7693G,aqllcu@gmail.com
1634,Aman,64.0,,6fW2JN8S9n,user@
1635,Rohit,130.0,-10000.0,HNQGI3615G,hhxjuv@gmail.com
1636,Priya,73.0,,Kykw42pouu,test@gmail
1637,Rohit,-5.0,,EDFJK2934S,wgdeci@gmail.com
1638,Simran,-5.0,22844.0,3HMBjb8iM7,byurah@gmail.com
1639,Priya,,-10000.0,Nqq35v71VG,jrnowa@gmail.com
1640,Aman,-5.0,,MIPQH5725W,yjbcly@gmail.com
1641,Karan,,,YRTDX8573D,user@
1642,Priya,130.0,,QCGGdLBkio,cbkkke@gmail.com
1643,Aman,-5.0,-10000.0,T6cVcLUM7a,user@
1644,Anjali,-5.0,,hRs4Qgpwsr,abc@
1645,Aman,-5.0,-10000.0,YAORK6615B,abc@
1646,Neha,,28959.0,YOKMN2933K,kaljrw@gmail.com
1647,Aman,130.0,48426.0,VYWRc9yuaE,test@gmail
1648,Aman,130.0,-10000.0,ExlvRphkZL,rsxfbk@gmail.com
1649,Aman,130.0,-10000.0,FKNFK3325C,zqdsbb@gmail.com
1650,Neha,,76814.0,3f0rZ6c60t,test@gmail
1651,Simran,96.0,,kejtrnbcXt,abc@
1652,Anjali,130.0,82002.0,Bh0EUzG631,kqoogk@gmail.com
1653,Karan,,-10000.0,fVhORjUjY0,ilrarz@gmail.com
1654,Rahul,130.0,93539.0,N1LIXfXU4j,gibukq@gmail.com
1655,Karan,130.0,-10000.0,ggd72tIyit,user@
1656,,-5.0,57181.0,JMMDL6319X,zrxcrs@gmail.com
1657,Neha,,,PLOHR0686S,test@gmail
1658,Neha,-5.0,-10000.0,qXm1e8TIMm,yyvbrw@gmail.com
1659,Anjali,-5.0,-10000.0,fXdi95sK3p,
1660,Aman,130.0,,0YeqtoxhLa,abc@
1661,Anjali,-5.0,-10000.0,AQQDP0096J,wovjdb@gmail.com
1662,Aman,-5.0,91840.0,bff0mwvguM,dqgnpu@gmail.com
1663,Simran,-5.0,34993.0,1wjYDsjGC2,
1664,Anjali,-5.0,,HXKKO0350S,abc@
1665,Karan,130.0,-10000.0,dEuwzw874C,nddudg@gmail.com
1666,Simran,130.0,69279.0,WHEEM0623D,test@gmail
1667,,130.0,93512.0,UZHCF2791S,abc@
1668,Rahul,,54909.0,7VpxtbauzS,abc@
1669,Neha,-5.0,,AGfIxRmnSt,jadegx@gmail.com
1670,Karan,130.0,55077.0,DMOPN1884Y,test@gmail
1671,Priya,95.0,-10000.0,slQw4QTslx,test@gmail
1672,Karan,130.0,54683.0,fCZwTyrlrR,kmhzue@gmail.com
1673,Anjali,130.0,21959.0,VKuy53cjCh,bcobdm@gmail.com
1674,Aman,-5.0,,teXzWxFBac,ctjukt@gmail.com
1675,Rohit,130.0,71678.0,EWFXK5255I,
1676,Rahul,-5.0,22211.0,zqUU3mFRur,
1677,Anjali,-5.0,,LGMRA5088W,lvykbi@gmail.com
1678,Neha,,-10000.0,CZ4kzBEWX8,abc@
1679,Aman,-5.0,-10000.0,LYABT1341L,test@gmail
1680,Priya,130.0,,GYCOOGFzFn,
1681,Rohit,30.0,,a7S9ek4NwS,user@
1682,Anjali,9.0,82784.0,VZCAX6843B,wmraqm@gmail.com
1683,Neha,-5.0,,S8NveLbOA6,test@gmail
1684,Aman,130.0,40199.0,TNKBV0981A,
1685,Anjali,-5.0,,4IiRPoBllY,vhuedu@gmail.com
1686,Aman,97.0,86235.0,HDOZF9081S,dscqxa@gmail.com
1687,Karan,,66102.0,TSUNg7uUqC,uqrojz@gmail.com
1688,Simran,,-10000.0,tQrpfS6XoP,abc@
1689,Karan,-5.0,25126.0,WFEYL7909Y,rmlhdt@gmail.com
1690,Priya,,,SBVCD0044Z,abc@
1691,Aman,1.0,84835.0,AWFWW5918H,test@gmail
1692,Simran,-5.0,-10000.0,woLVVUAiFO,snrrky@gmail.com
1693,Aman,130.0,28004.0,RFlBtU2Vss,mpxbyq@gmail.com
1694,Neha,-5.0,-10000.0,fmFWJK4WOZ,user@
1695,Rohit,130.0,45707.0,TNTmm7CCZ4,rsilnd@gmail.com
1696,Anjali,-5.0,,SCXFB4952F,elleeh@gmail.com
1697,Simran,-5.0,-10000.0,XMFCG2526I,
1698,Priya,,-10000.0,oqAQM4pGBl,user@
1699,Rohit,-5.0,52619.0,pPwfqktpmS,test@gmail
1700,,-5.0,,r8asTyNzsX,abc@
1701,Priya,,95003.0,BVJJI2445P,gwnuni@gmail.com
1702,Neha,,-10000.0,MEOj4ejqBs,bckxfe@gmail.com
1703,Neha,43.0,20406.0,PKBXO6970L,test@gmail
1704,Anjali,,72624.0,wLVW6OYjei,qiuxls@gmail.com
1705,Priya,130.0,-10000.0,8YwRs9wt8K,abc@
1706,Neha,130.0,,gu88DzArSg,rkaaoo@gmail.com
1707,Neha,-5.0,80796.0,o4gT6z6psf,gsjxdo@gmail.com
1708,Neha,29.0,96320.0,BNTRJ7799S,vfhrto@gmail.com
1709,Aman,,,IPKVrsCstF,abc@
1710,Rohit,-5.0,,REWBS2923U,
1711,Neha,130.0,,KMqiAqlKyb,nthqln@gmail.com
1712,Aman,58.0,,sag8hOFEzS,cunxpn@gmail.com
1713,Neha,32.0,78607.0,U9AaSJU1Zk,
1714,Neha,130.0,,XAxHqDvV7N,wineex@gmail.com
1715,Aman,98.0,,8OjmoOywuy,xzkeah@gmail.com
1716,Rohit,-5.0,-10000.0,MWCLA5171D,wmkeoa@gmail.com
1717,Aman,130.0,93033.0,SUSXW7954H,jdpsbk@gmail.com
1718,Rahul,-5.0,26617.0,WDLXT1139K,test@gmail
1719,Anjali,,-10000.0,TBLWK6498H,qdnyzg@gmail.com
1720,Rohit,-5.0,-10000.0,J3a6WXMcdb,
1721,Anjali,-5.0,65530.0,2CxfDsuC7Q,test@gmail
1722,Rahul,50.0,-10000.0,oO9ofb0AOt,user@
1723,Anjali,,23459.0,3AkX5qO1bE,abc@
1724,Anjali,29.0,-10000.0,gEL2EraVxf,
1725,Rohit,-5.0,,JILSU5408K,abc@
1726,Anjali,130.0,72704.0,t75PeC1Ffg,user@
1727,Simran,,-10000.0,Td1qTJ386O,abc@
1728,Anjali,130.0,81310.0,Bu0rbyJahJ,test@gmail
1729,Anjali,130.0,,q5YT2ccwnK,user@
1730,Priya,-5.0,64346.0,XQQZY5404P,jyclbo@gmail.com
1731,Karan,45.0,,hDgM3mo8UA,user@
1732,Rahul,28.0,-10000.0,ROKDF2135O,thdjqh@gmail.com
1733,Simran,100.0,64257.0,H7a5YXPEw3,cubiwb@gmail.com
1734,Priya,-5.0,76453.0,IZIDA0473U,
1735,Anjali,,-10000.0,vPwVzo1CuK,
1736,Neha,130.0,76611.0,AHIKD4450D,zmhanl@gmail.com
1737,Rahul,130.0,,NBTBX6536L,abc@
1738,Anjali,-5.0,20055.0,WjObZut4iD,jxjzhc@gmail.com
1739,Neha,52.0,,aFNInCnYKV,lgcnut@gmail.com
1740,Karan,,,DDBBA3588T,abc@
1741,Priya,130.0,,BBNVM2929I,kokygm@gmail.com
1742,Priya,130.0,-10000.0,OVLWO9543D,
1743,Aman,-5.0,59002.0,SMRPU1223G,user@
1744,Priya,,-10000.0,FotZW6D8hZ,kjoraq@gmail.com
1745,Aman,130.0,-10000.0,9l5aQoAOOV,test@gmail
1746,Rohit,130.0,,RUFUV2605Z,test@gmail
1747,Simran,-5.0,,qkGbDOWvJz,test@gmail
1748,Anjali,-5.0,83932.0,RJGOQ2587A,
1749,Aman,130.0,79813.0,DLSMmVMku0,eeikyt@gmail.com
1750,,-5.0,-10000.0,VXYRV4751O,abc@
1751,Karan,23.0,-10000.0,ICOYT5253Y,dsqqmx@gmail.com
1752,Simran,22.0,75194.0,CHHOH9071A,qmzgtv@gmail.com
1753,Rahul,-5.0,,wfv4EUNrta,test@gmail
1754,,130.0,,FIMNF1307K,geqydi@gmail.com
1755,Karan,,,0hmtFQz7Sv,ryyulx@gmail.com
1756,Simran,130.0,,jm5CAIa5WE,jpbnas@gmail.com
1757,Priya,130.0,-10000.0,NvHEktiz64,abc@
1758,Karan,130.0,,ETDUC1794E,ouqprf@gmail.com
1759,Aman,130.0,,OBFJH8928M,cfjpza@gmail.com
1760,Aman,-5.0,71978.0,GTGFU0033S,wjybes@gmail.com
1761,Priya,,74101.0,LIKZR6744H,tugfbv@gmail.com
1762,Simran,61.0,30069.0,cYF1ZoGV5e,test@gmail
1763,Karan,,-10000.0,FJVttZ9VLq,ppwksk@gmail.com
1764,Aman,130.0,98520.0,xN9DZxmQmN,
1765,Anjali,-5.0,92433.0,FSTEO3817Y,user@
1766,Priya,130.0,,Qbv7o4EsB7,fmmert@gmail.com
1767,Aman,,,Zjiro7K3mY,
1768,Priya,130.0,42362.0,HMHUL9083Q,hzguqj@gmail.com
1769,Anjali,130.0,-10000.0,VzhsVhioiC,test@gmail
1770,Anjali,130.0,82994.0,TP3ZVnL3Zl,yjwtou@gmail.com
1771,Aman,130.0,,HNANA6300H,test@gmail
1772,Anjali,-5.0,68707.0,QLWDB5287V,efnnje@gmail.com
1773,Aman,,93440.0,S4Z5LJliQL,ehghma@gmail.com
1774,Rahul,130.0,-10000.0,NFTOU2312A,tqppkc@gmail.com
1775,Anjali,29.0,-10000.0,6zWRZ5N3a9,bcduei@gmail.com
1776,Rohit,49.0,,ZLLTU2834G,doydhc@gmail.com
1777,Simran,,-10000.0,APDGQ3258Z,owjagd@gmail.com
1778,Rohit,59.0,-10000.0,OrhNOpohfe,user@
1779,Simran,29.0,-10000.0,wBNjejQnVC,
1780,Rohit,,,RRic5Bo3R8,mexoox@gmail.com
1781,Priya,,-10000.0,NORMS2926H,user@
1782,Neha,130.0,74035.0,p2BACUGU6n,abc@
1783,Aman,53.0,75270.0,TFQUL9398R,abc@
1784,Rohit,9.0,93403.0,QLWPK0096A,naczfn@gmail.com
1785,Neha,-5.0,,QCEOU2995L,ejzuns@gmail.com
1786,Simran,,-10000.0,ZHMREHkuA1,test@gmail
1787,Karan,90.0,-10000.0,OVZRY4454T,abc@
1788,Anjali,130.0,90305.0,DPTUY6305V,abc@
1789,,,-10000.0,XLGQO9029T,abc@
1790,Priya,-5.0,-10000.0,VDD7NV0fPu,test@gmail
1791,Rohit,130.0,,3YcEYBgMI5,sjkkek@gmail.com
1792,Karan,130.0,,ZVZLQ4082Y,user@
1793,,130.0,,SnfgHM8VSI,test@gmail
1794,Rohit,-5.0,-10000.0,UKALQ9557T,user@
1795,Simran,-5.0,,JHWNA1478M,abc@
1796,Simran,,-10000.0,RKMAI8503B,ifuwvv@gmail.com
1797,Rohit,84.0,46947.0,AaPcR6t37A,absbmk@gmail.com
1798,Anjali,-5.0,55964.0,QsUREbJPae,ijveeu@gmail.com
1799,Karan,,-10000.0,EIVAL3967C,zqhqln@gmail.com
1800,Anjali,66.0,-10000.0,NUECJ4860F,hncoth@gmail.com
1801,Simran,,-10000.0,WpiTvGW1I1,ixpiqg@gmail.com
1802,Simran,-5.0,,6lNHyTt3sJ,test@gmail
1803,Neha,-5.0,,KYJJZ7329K,hfojpr@gmail.com
1804,Rohit,44.0,69926.0,zI6vPliKdF,abc@
1805,Rohit,,64732.0,XbJm5VrkkK,rihbjl@gmail.com
1806,Rohit,-5.0,38143.0,rMZyDU1xTJ,test@gmail
1807,,-5.0,-10000.0,ZTGGV1199P,test@gmail
1808,Karan,130.0,20304.0,oL30MVWYzK,
1809,Neha,130.0,81742.0,T3eAvZ3Dhl,omhqeh@gmail.com
1810,Priya,65.0,,topRZB1e2T,test@gmail
1811,Aman,130.0,-10000.0,BOASB7604W,akjekn@gmail.com
1812,,,43828.0,JPOo1Beu8U,hhrane@gmail.com
1813,Neha,94.0,58574.0,Gc32jbrqcC,
1814,Rahul,,61904.0,PIUBQ4308M,user@
1815,Simran,-5.0,,HaP2nL0R6M,abc@
1816,Neha,130.0,,GZktk9AIQX,test@gmail
1817,Neha,,-10000.0,OLFS23BqQK,user@
1818,Anjali,,-10000.0,hq40GpwZQK,ysylwv@gmail.com
1819,,130.0,,fYPCPDkdoH,vpwlyq@gmail.com
1820,Karan,,80755.0,OOHYN8397Q,
1821,Rohit,,53297.0,RHWIY4318J,ubychy@gmail.com
1822,Aman,97.0,,Cs8zU4CDGm,abc@
1823,Aman,-5.0,,JVBFW7940I,ufshxn@gmail.com
1824,Rohit,65.0,,RCBAU7954P,sonjbr@gmail.com
1825,Simran,58.0,-10000.0,PXUJI2164U,taqwdp@gmail.com
1826,Aman,130.0,-10000.0,WFLPF0839F,user@
1827,Priya,130.0,89868.0,NFVYI4207Y,user@
1828,Rohit,52.0,,xmfodFyvFe,sohpdh@gmail.com
1829,,84.0,-10000.0,QEJGX4326A,ddfzko@gmail.com
1830,Neha,-5.0,34085.0,o0JsVo7F0F,user@
1831,Karan,-5.0,29181.0,P8go8hdbjx,
1832,Anjali,,25067.0,APXNL5773C,jlhjdp@gmail.com
1833,Anjali,8.0,-10000.0,ALEYY9542L,dhxiqy@gmail.com
1834,Rahul,88.0,-10000.0,GP4x2pVR5L,user@
1835,Aman,-5.0,-10000.0,VVODX4968D,abc@
1836,Anjali,,86703.0,vplenvVumF,
1837,Rahul,,,WJWGT3925U,qqugzj@gmail.com
1838,Priya,130.0,99698.0,y5K6soHx9P,ferkbw@gmail.com
1839,Rohit,,46275.0,adAf3pBRiD,test@gmail
1840,Aman,130.0,38932.0,GmZNMcNwnb,yrxlfj@gmail.com
1841,Aman,-5.0,97750.0,8BvXphOBwX,
1842,Anjali,53.0,-10000.0,XONSA2648F,qucdzq@gmail.com
1843,Rohit,-5.0,,wO72yYhD2n,test@gmail
1844,Neha,130.0,-10000.0,JIOOO4999Y,ffydpz@gmail.com
1845,,47.0,,xG32tAUi0y,hvoarh@gmail.com
1846,Rahul,30.0,,BMSNI2481M,test@gmail
1847,Aman,-5.0,,KADFP5739R,nqpvap@gmail.com
1848,Neha,,,HGTFN5761K,snowjj@gmail.com
1849,Neha,130.0,59071.0,uLuzOzT1hl,
1850,Priya,,-10000.0,VUXMBLuJ21,wnroah@gmail.com
1851,,,,LQEHL6332G,ijymgy@gmail.com
1852,Neha,-5.0,-10000.0,WQUTD9029R,xykkqv@gmail.com
1853,Karan,130.0,,FYBDL8332C,gwhvrw@gmail.com
1854,Rohit,,73768.0,aCoq6WjjAf,abc@
1855,Anjali,130.0,,SESCP2094Q,test@gmail
1856,Priya,-5.0,52981.0,Fa010WIMW1,yfllch@gmail.com
1857,Priya,130.0,28122.0,XJPIC8673L,outryx@gmail.com
1858,Simran,-5.0,30924.0,PZVSA4817S,tyufce@gmail.com
1859,Aman,130.0,,RMu5Ro61hH,
1860,Rohit,48.0,56774.0,8L5mkPNSFE,
1861,Rahul,130.0,-10000.0,4gv318QIyz,muhdba@gmail.com
1862,Aman,95.0,-10000.0,VMNMY4726H,abc@
1863,Karan,130.0,98470.0,5Xj6RrFEO0,ayfidf@gmail.com
1864,,,98182.0,ERFDW3246T,myzemb@gmail.com
1865,Priya,89.0,73303.0,j1jphJlPt5,zopmzo@gmail.com
1866,Aman,130.0,60837.0,9HbNpw9ydI,pvevqx@gmail.com
1867,Priya,70.0,,RRFHW4081V,user@
1868,Neha,130.0,92830.0,QEeYMGy6UL,user@
1869,,-5.0,-10000.0,OMMHY3502D,ocwhkn@gmail.com
1870,Aman,,83966.0,CgVINxwN0L,test@gmail
1871,Rahul,-5.0,-10000.0,uGgfHXSjVf,test@gmail
1872,Karan,37.0,93898.0,ZCIPE3820M,qadjnj@gmail.com
1873,Rahul,,,ngamtA14PJ,test@gmail
1874,Simran,6.0,-10000.0,5F3Hre6Yyk,test@gmail
1875,Anjali,31.0,-10000.0,WKOXA7303H,user@
1876,Karan,130.0,,xekFHhU5XU,japlil@gmail.com
1877,Simran,,65139.0,YWDbaaRWiM,kzlnij@gmail.com
1878,Aman,,85931.0,QDQRH3234N,
1879,Priya,49.0,,GZBWC0485Z,msuqcs@gmail.com
1880,Aman,,,wtJWr2wpve,test@gmail
1881,Karan,130.0,-10000.0,s3WNd12lpM,test@gmail
1882,Rahul,,,XYMCB7226T,test@gmail
1883,Aman,130.0,-10000.0,uFa8yavmYc,abc@
1884,Neha,,,vQcZClfDzf,user@
1885,Priya,,,DA6F8PBgXs,abc@
1886,,95.0,-10000.0,5pjwciNBlL,qjwpov@gmail.com
1887,Rohit,-5.0,,DJAQL8305P,gwvxzi@gmail.com
1888,Anjali,130.0,,OUDRwyEHSg,imifqc@gmail.com
1889,Priya,85.0,46222.0,Z2Z8r64YDY,test@gmail
1890,,-5.0,,RYYUZ8469K,
1891,Simran,-5.0,58872.0,MEEVR1855I,pxyecz@gmail.com
1892,Neha,-5.0,34360.0,2HwDBpXRO4,jiyjmr@gmail.com
1893,Anjali,,75840.0,IlwCvW6zVW,user@
1894,,,,LRNHV0937Y,
1895,Rohit,,-10000.0,GQH02HhOnx,fisovu@gmail.com
1896,Anjali,130.0,-10000.0,31HmAER5Rq,
1897,Karan,130.0,-10000.0,jCkueC0z1f,rfxvnm@gmail.com
1898,Karan,,-10000.0,uMNPta9gtC,lnjifi@gmail.com
1899,Simran,74.0,74275.0,ZJYVG6646P,test@gmail
1900,Neha,-5.0,-10000.0,XGPRC3997U,
1901,Simran,-5.0,-10000.0,SLQCJ5217C,abc@
1902,Rahul,49.0,,WOMXM2343G,gsqonl@gmail.com
1903,Rahul,34.0,81177.0,CSYQE5286D,hrgtbc@gmail.com
1904,Rahul,,54678.0,0l5QXVUlYl,uuvftt@gmail.com
1905,,55.0,,AYPNK0826F,ctembl@gmail.com
1906,Rahul,130.0,,axpCfOk8pj,zsxilh@gmail.com
1907,Simran,11.0,-10000.0,TbcnKLwplV,hwacay@gmail.com
1908,Aman,,73432.0,sz8HC5JRB8,test@gmail
1909,Rahul,,79533.0,OLKZF9205S,tdoaix@gmail.com
1910,,35.0,-10000.0,UKCFKchHUs,gptwkp@gmail.com
1911,Karan,,69123.0,ycF5tnhjw8,illdaf@gmail.com
1912,Aman,-5.0,,GWDEP3111L,
1913,Rohit,-5.0,40859.0,rAmR8WSRQp,kmrrkq@gmail.com
1914,Anjali,,87630.0,wfmwLAJ7CA,afpetp@gmail.com
1915,Aman,11.0,36597.0,Ond5EnOcXd,rmftcq@gmail.com
1916,Anjali,29.0,50408.0,DZLRD3752M,fcsqow@gmail.com
1917,Simran,,,POHSF7857E,abc@
1918,Rahul,130.0,,0nwOykwoxv,user@
1919,Simran,130.0,,waguBMDnms,abc@
1920,Rahul,92.0,60254.0,PPDCC1827S,test@gmail
1921,,-5.0,94623.0,JIRnS5a946,zlyflb@gmail.com
1922,Simran,-5.0,-10000.0,K7UqnZ2wz2,qfqqbb@gmail.com
1923,Anjali,,-10000.0,SLBNX3008V,aavwsd@gmail.com
1924,Karan,130.0,,clUFWMxrxD,lvolfu@gmail.com
1925,Rohit,,,VVZYW9286L,
1926,Anjali,,,tIp1PqFn4E,imqebo@gmail.com
1927,Aman,130.0,,POCIN1975E,iimsfq@gmail.com
1928,Anjali,130.0,78083.0,OAGGR8530C,enhqdb@gmail.com
1929,Simran,130.0,45001.0,IXKBB4580X,
1930,,130.0,-10000.0,uJ7nPUBjK0,gxihwd@gmail.com
1931,Rohit,33.0,,M1vvqjm9Yj,abc@
1932,Anjali,,47133.0,JVSOY9543I,user@
1933,Simran,-5.0,94988.0,20JSIJport,test@gmail
1934,Karan,130.0,22897.0,DPURJ5739A,
1935,Neha,,,qmnA5oAQx6,xaudfk@gmail.com
1936,Anjali,,47315.0,HZTKS1263X,ukusio@gmail.com
1937,Karan,,-10000.0,u1kWkHwiEH,abc@
1938,,,41339.0,GIYVC3958F,
1939,Anjali,,-10000.0,yxhQtHKnPp,slybmk@gmail.com
1940,Anjali,130.0,21265.0,hHppEAe359,qwqgml@gmail.com
1941,Neha,21.0,,65ShlrhGi9,ennbfi@gmail.com
1942,Priya,12.0,30772.0,QUICO0251I,user@
1943,,-5.0,-10000.0,GSuITCPdLL,kvpmro@gmail.com
1944,Aman,-5.0,-10000.0,kXoyTRWp0L,test@gmail
1945,Neha,,,lVsAEjrhnV,wkechz@gmail.com
1946,Rohit,73.0,,LVFFJ6834C,abc@
1947,Rahul,-5.0,27017.0,R695BHW2EQ,btcvir@gmail.com
1948,Neha,58.0,,3eVtmtDfEr,abc@
1949,Rohit,60.0,,wbSCfK0Cbd,tnnsgw@gmail.com
1950,Karan,-5.0,98135.0,PIYPY5003A,ktxzpx@gmail.com
1951,Karan,-5.0,91619.0,CBAJC4346P,gkpuax@gmail.com
1952,Priya,-5.0,37716.0,PVNBF1468Z,abc@
1953,Simran,130.0,40556.0,w4g5vstBQP,user@
1954,Neha,,-10000.0,HWKAQ9710N,rlysbi@gmail.com
1955,Rohit,-5.0,81828.0,dW4mup7GL4,uxmkbc@gmail.com
1956,,-5.0,,KqlGl3zgoV,user@
1957,Rohit,,73151.0,sbVn7iFKFH,qwqcle@gmail.com
1958,,130.0,-10000.0,3ZvriboCoY,abc@
1959,Aman,,64976.0,QFOAD3571N,abc@
1960,,130.0,-10000.0,QwhdpdPr0s,test@gmail
1961,Karan,80.0,-10000.0,Iv6HvagUDU,
1962,Aman,-5.0,72450.0,GPNYG0600C,fxkwyv@gmail.com
1963,Rahul,,-10000.0,BALLA0263B,xtrjxa@gmail.com
1964,Aman,-5.0,47992.0,WXHSA8441G,exckyt@gmail.com
1965,Rohit,,-10000.0,JvLiGvXq1z,user@
1966,Priya,75.0,,YZFOI0397S,abc@
1967,Karan,,56736.0,KLRSB7613X,user@
1968,Simran,130.0,-10000.0,NVHXZ4316S,pqpqrm@gmail.com
1969,Anjali,-5.0,,4yqrEGZgOb,user@
1970,Anjali,130.0,,BT2fhOzh7V,krfssc@gmail.com
1971,Rahul,130.0,-10000.0,YQCEY7749J,
1972,Simran,-5.0,,xCKMDNd1Hh,gbzxrt@gmail.com
1973,Priya,130.0,,lsP20AcKW0,abc@
1974,Priya,130.0,,1vKsWFjgfi,
1975,Neha,-5.0,-10000.0,UNPHA8730U,iflbwr@gmail.com
1976,,15.0,82183.0,LSTZJ0342B,
1977,Aman,130.0,42501.0,NTBUC3327Q,plihfp@gmail.com
1978,Rohit,-5.0,,oeDW7FX0kk,user@
1979,Karan,-5.0,-10000.0,l7LZXFihej,oawkvn@gmail.com
1980,Priya,23.0,-10000.0,furkIcRmC4,dcljsq@gmail.com
1981,Priya,,35439.0,PPXJL3710P,raydfq@gmail.com
1982,,-5.0,24278.0,XSNTN2180E,user@
1983,Priya,,-10000.0,YGPqWAX0dj,iafpcx@gmail.com
1984,Priya,130.0,,KYFQF9534S,wldpmr@gmail.com
1985,,130.0,39560.0,pvopPhZpDu,test@gmail
1986,Neha,87.0,-10000.0,urfonoOcrL,test@gmail
1987,Rohit,130.0,-10000.0,CZo6GeUxw0,
1988,Karan,14.0,,ey7dyKoSW2,abc@
1989,Priya,130.0,82808.0,AYAVF7462F,abc@
1990,Anjali,,,APUVQ1176W,
1991,Rohit,130.0,-10000.0,CRQZF6546X,test@gmail
1992,Simran,,,AABRD1265W,oinloq@gmail.com
1993,Rohit,,,UYXTO8745M,nrqqgu@gmail.com
1994,,30.0,-10000.0,HXJuAMCtOe,afmeaf@gmail.com
1995,Neha,-5.0,,WHms63YNkk,user@
1996,Simran,130.0,,BGni0J3cHc,abc@
1997,Priya,-5.0,,9IxKQtDOM8,
1998,Neha,-5.0,-10000.0,BIKEX8367I,
1999,Simran,130.0,71156.0,XTVQW7445V,btghzx@gmail.com
